-6.0249,250.5
-5.5249,251
-4.5249,251
-3.5249,251
-2.5249,251
-1.5249,251
-0.52485,251
0.47515,251
1.4751,251
2.4751,251
3.4751,251
4.4751,251
5.4751,251
6.4751,251
7.4751,251
8.4751,251
9.4751,251
10.475,251
11.475,251
12.475,251
12.975,250.5
13.475,250
14.475,250
15.475,250
16.475,250
16.975,249.5
17.475,249
18.475,249
19.475,249
19.975,248.5
20.475,248
21.475,248
21.975,247.5
22.475,247
23.475,247
24.475,247
24.975,246.5
25.475,246
26.475,246
26.975,245.5
27.475,245
28.475,245
28.975,244.5
29.475,244
29.975,243.5
30.475,243
31.475,243
31.975,242.5
32.475,242
33.475,242
33.975,241.5
34.475,241
34.975,240.5
35.475,240
35.975,239.5
36.475,239
37.475,239
37.975,238.5
38.475,238
38.975,237.5
39.475,237
39.975,236.5
40.475,236
40.975,235.5
41.475,235
41.975,234.5
42.475,234
42.975,233.5
43.475,233
43.975,232.5
44.475,232
44.975,231.5
45.475,231
45.975,230.5
46.475,230
46.975,229.5
47.475,229
47.975,228.5
48.475,228
48.975,227.5
49.475,227
49.975,226.5
50.475,226
50.975,225.5
51.475,225
51.975,224.5
52.475,224
52.975,223.5
52.975,222.5
53.475,222
53.975,221.5
54.475,221
54.975,220.5
55.475,220
55.975,219.5
55.975,218.5
56.475,218
56.975,217.5
57.475,217
57.975,216.5
57.975,215.5
58.475,215
58.975,214.5
59.475,214
59.975,213.5
59.975,212.5
60.475,212
60.975,211.5
60.975,210.5
61.475,210
61.975,209.5
61.975,208.5
62.475,208
62.975,207.5
62.975,206.5
63.475,206
63.975,205.5
63.975,204.5
64.475,204
64.975,203.5
64.975,202.5
65.475,202
65.975,201.5
65.975,200.5
66.475,200
66.975,199.5
66.975,198.5
67.475,198
67.975,197.5
67.975,196.5
67.975,195.5
68.475,195
68.975,194.5
68.975,193.5
69.475,193
69.975,192.5
69.975,191.5
69.975,190.5
70.475,190
70.975,189.5
70.975,188.5
70.975,187.5
71.475,187
71.975,186.5
71.975,185.5
71.975,184.5
72.475,184
72.975,183.5
72.975,182.5
72.975,181.5
73.475,181
73.975,180.5
73.975,179.5
73.975,178.5
73.975,177.5
74.475,177
74.975,176.5
74.975,175.5
74.975,174.5
74.975,173.5
75.475,173
75.975,172.5
75.975,171.5
75.975,170.5
75.975,169.5
75.975,168.5
76.475,168
76.975,167.5
76.975,166.5
76.975,165.5
76.975,164.5
76.975,163.5
76.975,162.5
77.475,162
77.975,161.5
77.975,160.5
77.975,159.5
77.975,158.5
77.975,157.5
77.975,156.5
77.975,155.5
77.975,154.5
77.975,153.5
78.475,153
78.975,152.5
78.975,151.5
78.975,150.5
78.975,149.5
78.975,148.5
78.975,147.5
78.975,146.5
78.975,145.5
78.975,144.5
78.975,143.5
78.975,142.5
78.975,141.5
78.975,140.5
78.975,139.5
78.975,138.5
78.975,137.5
78.975,136.5
78.975,135.5
78.975,134.5
78.975,133.5
78.975,132.5
78.975,131.5
78.975,130.5
78.975,129.5
78.975,128.5
78.975,127.5
78.975,126.5
78.975,125.5
78.975,124.5
78.975,123.5
78.975,122.5
78.975,121.5
78.975,120.5
78.975,119.5
78.975,118.5
78.975,117.5
78.975,116.5
78.975,115.5
78.975,114.5
78.975,113.5
78.975,112.5
78.975,111.5
78.975,110.5
78.475,110
77.975,109.5
77.975,108.5
77.975,107.5
77.975,106.5
77.975,105.5
77.975,104.5
77.975,103.5
77.975,102.5
77.975,101.5
77.975,100.5
77.475,99.999
76.975,99.499
76.975,98.499
76.975,97.499
76.975,96.499
76.975,95.499
76.975,94.499
76.975,93.499
76.475,92.999
75.975,92.499
75.975,91.499
75.975,90.499
75.975,89.499
75.975,88.499
75.475,87.999
74.975,87.499
74.975,86.499
74.975,85.499
74.975,84.499
74.975,83.499
74.475,82.999
73.975,82.499
73.975,81.499
73.975,80.499
73.975,79.499
73.975,78.499
73.475,77.999
72.975,77.499
72.975,76.499
72.975,75.499
72.975,74.499
72.475,73.999
71.975,73.499
71.975,72.499
71.975,71.499
71.475,70.999
70.975,70.499
70.975,69.499
70.975,68.499
70.975,67.499
70.475,66.999
69.975,66.499
69.975,65.499
69.975,64.499
69.975,63.499
69.475,62.999
68.975,62.499
68.975,61.499
68.975,60.499
68.475,59.999
67.975,59.499
67.975,58.499
67.975,57.499
67.975,56.499
68.475,55.999
68.975,55.499
69.475,54.999
70.475,54.999
71.475,54.999
71.975,54.499
72.475,53.999
73.475,53.999
74.475,53.999
74.975,53.499
75.475,52.999
76.475,52.999
77.475,52.999
77.975,52.499
78.475,51.999
79.475,51.999
80.475,51.999
81.475,51.999
81.975,52.499
82.475,52.999
83.475,52.999
83.975,53.499
84.475,53.999
85.475,53.999
85.975,54.499
86.475,54.999
87.475,54.999
87.975,55.499
88.475,55.999
89.475,55.999
89.975,56.499
90.475,56.999
91.475,56.999
92.475,56.999
92.975,57.499
93.475,57.999
94.475,57.999
95.475,57.999
95.975,58.499
96.475,58.999
97.475,58.999
98.475,58.999
98.975,59.499
99.475,59.999
100.48,59.999
100.98,60.499
101.48,60.999
102.48,60.999
102.98,61.499
103.48,61.999
104.48,61.999
104.98,62.499
104.98,63.499
104.98,64.499
104.48,64.999
103.98,65.499
103.98,66.499
104.48,66.999
104.98,67.499
105.48,67.999
105.98,68.499
106.48,68.999
106.98,69.499
107.48,69.999
107.98,70.499
108.48,70.999
109.48,70.999
109.98,71.499
110.48,71.999
111.48,71.999
111.98,72.499
112.48,72.999
113.48,72.999
114.48,72.999
114.98,73.499
115.48,73.999
115.98,74.499
116.48,74.999
116.98,75.499
117.48,75.999
117.98,76.499
118.48,76.999
119.48,76.999
119.98,77.499
120.48,77.999
120.98,78.499
121.48,78.999
121.98,79.499
122.48,79.999
122.98,80.499
123.48,80.999
124.48,80.999
124.98,81.499
125.48,81.999
125.98,82.499
126.48,82.999
126.98,83.499
127.48,83.999
127.98,84.499
128.48,84.999
128.98,85.499
128.98,86.499
129.48,86.999
129.98,87.499
129.98,88.499
130.48,88.999
130.98,89.499
131.48,89.999
131.98,90.499
132.48,90.999
133.48,90.999
133.98,91.499
134.48,91.999
134.98,92.499
135.48,92.999
135.98,92.499
136.48,91.999
137.48,91.999
137.98,92.499
138.48,92.999
139.48,92.999
139.98,93.499
140.48,93.999
140.98,94.499
141.48,94.999
141.98,95.499
142.48,95.999
143.48,95.999
143.98,96.499
144.48,96.999
144.98,97.499
145.48,97.999
145.98,98.499
146.48,98.999
147.48,98.999
147.98,99.499
148.48,99.999
148.98,100.5
149.48,101
149.98,101.5
150.48,102
150.98,102.5
150.98,103.5
150.98,104.5
151.48,105
151.98,105.5
152.48,106
153.48,106
153.98,106.5
154.48,107
155.48,107
155.98,107.5
156.48,108
156.98,108.5
157.48,109
157.98,108.5
158.48,108
158.98,108.5
159.48,109
159.98,109.5
160.48,110
160.98,110.5
161.48,111
161.98,111.5
162.48,112
162.98,112.5
163.48,113
163.98,113.5
164.48,114
164.98,114.5
164.98,115.5
165.48,116
165.98,116.5
165.98,117.5
165.98,118.5
165.98,119.5
165.98,120.5
165.98,121.5
165.98,122.5
165.98,123.5
166.48,124
166.98,124.5
167.48,125
167.98,125.5
168.48,126
168.98,126.5
168.98,127.5
168.98,128.5
168.98,129.5
168.98,130.5
169.48,131
169.98,131.5
169.98,132.5
169.98,133.5
169.98,134.5
169.98,135.5
170.48,136
170.98,136.5
170.98,137.5
170.98,138.5
170.98,139.5
171.48,140
171.98,140.5
171.98,141.5
171.98,142.5
171.98,143.5
172.48,144
172.98,144.5
172.98,145.5
172.98,146.5
172.98,147.5
172.98,148.5
173.48,149
173.98,149.5
173.98,150.5
173.98,151.5
173.98,152.5
173.98,153.5
173.98,154.5
173.98,155.5
173.98,156.5
173.98,157.5
173.48,158
172.98,158.5
172.98,159.5
172.98,160.5
172.48,161
171.98,161.5
171.98,162.5
171.48,163
170.98,163.5
170.98,164.5
170.98,165.5
170.48,166
169.98,166.5
169.98,167.5
169.48,168
168.98,168.5
168.98,169.5
168.48,170
167.98,170.5
167.98,171.5
167.98,172.5
167.48,173
166.98,173.5
166.98,174.5
166.48,175
165.98,175.5
165.98,176.5
165.48,177
164.98,177.5
164.98,178.5
164.48,179
163.98,179.5
163.98,180.5
163.48,181
162.98,181.5
162.98,182.5
162.48,183
161.98,183.5
161.48,184
160.98,184.5
160.98,185.5
160.48,186
159.98,186.5
159.48,187
158.98,187.5
158.48,188
157.48,188
156.98,188.5
156.48,189
155.48,189
154.48,189
153.48,189
152.98,189.5
152.48,190
151.48,190
150.48,190
149.48,190
148.98,190.5
148.48,191
147.48,191
146.48,191
145.48,191
144.48,191
143.98,191.5
143.48,192
142.48,192
141.48,192
140.48,192
139.48,192
138.98,192.5
138.48,193
137.48,193
136.48,193
135.48,193
134.98,193.5
134.48,194
133.48,194
132.48,194
131.48,194
130.48,194
129.48,194
128.98,193.5
128.48,193
127.48,193
126.98,192.5
126.48,192
125.48,192
124.98,191.5
124.48,191
123.98,190.5
123.48,190
122.98,189.5
122.48,189
121.98,188.5
121.48,188
120.48,188
119.98,187.5
119.48,187
118.98,186.5
118.48,186
117.98,185.5
117.48,185
116.98,184.5
116.48,184
115.98,183.5
115.48,183
114.98,182.5
114.98,181.5
114.98,180.5
114.48,180
113.98,179.5
113.98,178.5
113.98,177.5
113.98,176.5
113.48,176
112.98,175.5
112.98,174.5
112.98,173.5
112.98,172.5
112.98,171.5
112.98,170.5
112.98,169.5
112.98,168.5
112.98,167.5
112.98,166.5
112.98,165.5
112.98,164.5
112.98,163.5
112.98,162.5
112.98,161.5
112.98,160.5
112.98,159.5
113.48,159
113.98,158.5
113.98,157.5
114.48,157
114.98,156.5
114.98,155.5
114.48,155
113.98,154.5
113.48,154
112.98,153.5
112.48,153
111.48,153
110.98,153.5
110.48,154
109.98,154.5
109.48,155
108.98,155.5
108.48,156
107.98,156.5
107.98,157.5
107.48,158
106.98,158.5
106.98,159.5
106.48,160
105.98,160.5
105.98,161.5
105.48,162
104.98,162.5
104.98,163.5
104.98,164.5
104.48,165
103.98,165.5
103.98,166.5
103.98,167.5
103.98,168.5
103.48,169
102.98,169.5
102.98,170.5
102.98,171.5
102.98,172.5
102.98,173.5
102.98,174.5
102.48,175
101.98,175.5
101.98,176.5
101.98,177.5
101.98,178.5
101.98,179.5
101.98,180.5
102.48,181
102.98,181.5
102.98,182.5
102.98,183.5
103.48,184
103.98,184.5
103.98,185.5
104.48,186
104.98,186.5
105.48,187
105.98,187.5
106.48,188
106.98,188.5
106.98,189.5
107.48,190
107.98,190.5
108.48,191
108.98,191.5
109.48,192
109.98,192.5
110.48,193
110.98,193.5
111.48,194
111.98,194.5
112.48,195
112.98,195.5
113.48,196
113.98,196.5
114.48,197
115.48,197
115.98,197.5
116.48,198
117.48,198
117.98,198.5
118.48,199
118.98,199.5
119.48,200
120.48,200
120.98,200.5
121.48,201
122.48,201
122.98,201.5
123.48,202
124.48,202
125.48,202
125.98,202.5
126.48,203
127.48,203
127.98,203.5
128.48,204
129.48,204
130.48,204
130.98,204.5
131.48,205
132.48,205
133.48,205
134.48,205
135.48,205
136.48,205
137.48,205
138.48,205
139.48,205
140.48,205
141.48,205
142.48,205
143.48,205
143.98,204.5
144.48,204
145.48,204
146.48,204
147.48,204
147.98,203.5
148.48,203
149.48,203
150.48,203
150.98,202.5
151.48,202
152.48,202
153.48,202
153.98,201.5
154.48,201
155.48,201
156.48,201
156.98,200.5
157.48,200
158.48,200
158.98,199.5
159.48,199
160.48,199
161.48,199
161.98,198.5
162.48,198
163.48,198
163.98,197.5
164.48,197
165.48,197
165.98,196.5
166.48,196
167.48,196
167.98,195.5
168.48,195
168.98,194.5
169.48,194
170.48,194
170.98,193.5
171.48,193
171.98,192.5
172.48,192
172.98,191.5
173.48,191
173.98,190.5
174.48,190
174.98,189.5
175.48,189
175.98,188.5
176.48,188
176.98,187.5
177.48,187
177.98,186.5
177.98,185.5
178.48,185
178.98,184.5
179.48,184
179.98,183.5
179.98,182.5
180.48,182
180.98,181.5
181.48,181
181.98,180.5
181.98,179.5
182.48,179
182.98,178.5
182.98,177.5
183.48,177
183.98,176.5
183.98,175.5
184.48,175
184.98,174.5
184.98,173.5
185.48,173
185.98,172.5
185.98,171.5
185.98,170.5
186.48,170
186.98,169.5
186.98,168.5
186.98,167.5
186.98,166.5
187.48,166
187.98,165.5
187.98,164.5
187.98,163.5
187.98,162.5
187.98,161.5
188.48,161
188.98,160.5
188.98,159.5
188.98,158.5
188.98,157.5
188.98,156.5
188.98,155.5
188.98,154.5
188.98,153.5
188.98,152.5
188.98,151.5
188.98,150.5
188.98,149.5
188.98,148.5
188.98,147.5
188.98,146.5
188.48,146
187.98,145.5
187.98,144.5
187.98,143.5
187.98,142.5
187.98,141.5
187.98,140.5
187.98,139.5
187.98,138.5
187.98,137.5
188.48,137
188.98,136.5
188.98,135.5
188.98,134.5
188.48,134
187.98,133.5
187.98,132.5
187.48,132
186.98,131.5
186.98,130.5
186.98,129.5
186.98,128.5
186.98,127.5
186.98,126.5
186.98,125.5
186.48,125
185.98,124.5
185.98,123.5
185.98,122.5
185.98,121.5
185.98,120.5
185.48,120
184.98,119.5
184.98,118.5
184.98,117.5
184.98,116.5
184.98,115.5
184.98,114.5
184.48,114
183.98,113.5
183.98,112.5
183.98,111.5
183.98,110.5
183.48,110
182.98,109.5
182.98,108.5
182.98,107.5
182.98,106.5
182.48,106
181.98,105.5
181.98,104.5
181.48,104
180.98,103.5
180.98,102.5
180.48,102
179.98,101.5
179.98,100.5
179.48,99.999
178.98,99.499
178.98,98.499
178.48,97.999
177.98,97.499
177.48,96.999
176.98,96.499
176.98,95.499
176.48,94.999
175.98,94.499
175.48,93.999
174.98,93.499
174.48,92.999
173.98,92.499
173.48,91.999
172.98,91.499
172.48,90.999
171.98,90.499
171.48,89.999
170.98,89.499
170.48,88.999
169.98,88.499
169.48,87.999
168.98,87.499
168.48,86.999
167.98,86.499
167.48,85.999
166.98,85.499
166.48,84.999
165.98,84.499
165.48,83.999
164.98,83.499
164.48,82.999
163.98,82.499
163.98,81.499
163.48,80.999
162.98,80.499
162.48,79.999
161.98,79.499
161.48,78.999
160.98,78.499
160.48,77.999
159.48,77.999
158.98,77.499
158.48,76.999
157.48,76.999
156.48,76.999
155.48,76.999
154.98,76.499
154.48,75.999
153.48,75.999
152.98,75.499
152.48,74.999
151.48,74.999
150.98,74.499
150.48,73.999
149.98,73.499
149.48,72.999
148.48,72.999
147.98,72.499
147.48,71.999
146.48,71.999
145.98,71.499
145.48,70.999
144.98,70.499
144.48,69.999
143.48,69.999
142.98,69.499
142.48,68.999
141.98,68.499
141.48,67.999
140.48,67.999
139.98,67.499
139.48,66.999
138.98,66.499
138.48,65.999
137.98,65.499
137.48,64.999
136.98,64.499
136.48,63.999
135.98,63.499
135.48,62.999
134.98,62.499
134.48,61.999
133.98,61.499
133.48,60.999
132.98,60.499
132.48,59.999
131.98,59.499
131.98,58.499
131.48,57.999
130.98,57.499
130.48,56.999
129.98,56.499
129.48,55.999
128.98,55.499
128.48,54.999
127.98,54.499
127.48,53.999
126.98,53.499
126.48,52.999
125.48,52.999
124.98,52.499
124.48,51.999
123.98,51.499
123.48,50.999
122.98,50.499
122.48,49.999
121.98,49.499
121.48,48.999
120.48,48.999
119.98,48.499
119.48,47.999
118.98,47.499
118.48,46.999
117.98,46.499
117.48,45.999
116.98,45.499
116.48,44.999
115.98,44.499
115.48,43.999
114.98,43.499
114.98,42.499
114.48,41.999
113.98,41.499
113.48,40.999
112.98,40.499
112.48,39.999
111.98,39.499
111.48,38.999
110.98,38.499
110.98,37.499
110.48,36.999
109.98,36.499
109.48,35.999
108.98,35.499
108.48,34.999
107.98,34.499
107.98,33.499
107.48,32.999
106.98,32.499
106.48,31.999
105.98,31.499
105.98,30.499
105.48,29.999
104.98,29.499
104.98,28.499
104.48,27.999
103.98,27.499
103.48,26.999
102.98,26.499
102.98,25.499
102.48,24.999
101.98,24.499
101.48,23.999
100.98,23.499
100.48,22.999
99.975,22.499
99.975,21.499
99.475,20.999
98.975,20.499
98.475,19.999
97.975,19.499
97.475,18.999
96.975,18.499
96.975,17.499
96.975,16.499
96.475,15.999
95.975,15.499
95.975,14.499
95.975,13.499
95.975,12.499
95.475,11.999
94.975,11.499
94.975,10.499
94.975,9.4988
94.975,8.4988
95.475,7.9988
96.475,7.9988
96.975,7.4988
97.475,6.9988
97.975,6.4988
98.475,5.9988
99.475,5.9988
99.975,5.4988
100.48,4.9988
101.48,4.9988
101.98,4.4988
102.48,3.9988
103.48,3.9988
103.98,3.4988
104.48,2.9988
105.48,2.9988
105.98,2.4988
106.48,1.9988
107.48,1.9988
107.98,1.4988
108.48,0.9988
109.48,0.9988
109.98,0.4988
110.48,-0.0012025
111.48,-0.0012025
111.98,-0.5012
112.48,-1.0012
113.48,-1.0012
113.98,-1.5012
114.48,-2.0012
114.98,-2.5012
115.48,-3.0012
116.48,-3.0012
116.98,-3.5012
117.48,-4.0012
117.98,-4.5012
118.48,-5.0012
118.98,-5.5012
119.48,-6.0012
120.48,-6.0012
120.98,-6.5012
121.48,-7.0012
121.98,-7.5012
122.48,-8.0012
123.48,-8.0012
123.98,-8.5012
124.48,-9.0012
125.48,-9.0012
125.98,-9.5012
126.48,-10.001
127.48,-10.001
128.48,-10.001
128.98,-10.501
129.48,-11.001
130.48,-11.001
131.48,-11.001
131.98,-11.501
132.48,-12.001
133.48,-12.001
134.48,-12.001
135.48,-12.001
135.98,-12.501
136.48,-13.001
137.48,-13.001
138.48,-13.001
139.48,-13.001
140.48,-13.001
141.48,-13.001
142.48,-13.001
142.98,-12.501
143.48,-12.001
144.48,-12.001
145.48,-12.001
146.48,-12.001
146.98,-11.501
147.48,-11.001
148.48,-11.001
149.48,-11.001
149.98,-10.501
150.48,-10.001
151.48,-10.001
151.98,-9.5012
152.48,-9.0012
153.48,-9.0012
154.48,-9.0012
154.98,-8.5012
155.48,-8.0012
156.48,-8.0012
156.98,-7.5012
157.48,-7.0012
158.48,-7.0012
158.98,-6.5012
159.48,-6.0012
160.48,-6.0012
160.98,-5.5012
161.48,-5.0012
162.48,-5.0012
162.98,-4.5012
163.48,-4.0012
164.48,-4.0012
165.48,-4.0012
165.98,-3.5012
166.48,-3.0012
167.48,-3.0012
167.98,-2.5012
168.48,-2.0012
169.48,-2.0012
170.48,-2.0012
170.98,-1.5012
171.48,-1.0012
172.48,-1.0012
173.48,-1.0012
173.98,-0.5012
173.98,0.4988
174.48,0.9988
174.98,1.4988
175.48,1.9988
175.98,2.4988
176.48,2.9988
177.48,2.9988
178.48,2.9988
179.48,2.9988
179.98,3.4988
180.48,3.9988
180.98,3.4988
181.48,2.9988
182.48,2.9988
183.48,2.9988
184.48,2.9988
185.48,2.9988
185.98,3.4988
186.48,3.9988
187.48,3.9988
188.48,3.9988
188.98,4.4988
189.48,4.9988
190.48,4.9988
190.98,5.4988
191.48,5.9988
192.48,5.9988
192.98,6.4988
193.48,6.9988
194.48,6.9988
194.98,7.4988
195.48,7.9988
195.98,8.4988
195.98,9.4988
196.48,9.9988
197.48,9.9988
197.98,10.499
198.48,10.999
199.48,10.999
200.48,10.999
201.48,10.999
201.98,10.499
202.48,9.9988
202.98,10.499
203.48,10.999
203.98,11.499
204.48,11.999
205.48,11.999
205.98,12.499
206.48,12.999
206.98,13.499
207.48,13.999
208.48,13.999
208.98,14.499
209.48,14.999
209.98,15.499
210.48,15.999
210.98,16.499
211.48,16.999
212.48,16.999
212.98,17.499
213.48,17.999
213.98,18.499
214.48,18.999
214.98,19.499
214.98,20.499
214.98,21.499
214.98,22.499
215.48,22.999
215.98,23.499
216.48,23.999
216.98,24.499
217.48,24.999
217.98,25.499
218.48,25.999
219.48,25.999
220.48,25.999
220.98,26.499
220.98,27.499
220.98,28.499
221.48,28.999
221.98,29.499
221.98,30.499
221.98,31.499
221.98,32.499
222.48,32.999
222.98,33.499
222.98,34.499
222.98,35.499
222.98,36.499
222.98,37.499
222.98,38.499
222.98,39.499
222.98,40.499
222.98,41.499
222.48,41.999
221.98,42.499
221.98,43.499
221.98,44.499
221.98,45.499
221.48,45.999
220.98,46.499
220.98,47.499
220.98,48.499
220.48,48.999
219.98,49.499
219.98,50.499
219.48,50.999
218.98,51.499
218.48,51.999
217.48,51.999
216.48,51.999
215.98,52.499
215.48,52.999
214.98,53.499
214.48,53.999
213.48,53.999
212.98,54.499
212.98,55.499
212.48,55.999
211.98,56.499
211.48,56.999
210.98,57.499
210.48,57.999
209.98,58.499
209.48,58.999
208.48,58.999
207.98,59.499
207.48,59.999
206.48,59.999
205.48,59.999
204.48,59.999
203.98,60.499
203.48,60.999
202.48,60.999
201.48,60.999
200.48,60.999
199.98,61.499
199.48,61.999
198.48,61.999
197.48,61.999
196.48,61.999
195.48,61.999
194.48,61.999
193.98,62.499
193.48,62.999
192.48,62.999
191.48,62.999
190.48,62.999
189.48,62.999
188.48,62.999
187.48,62.999
186.48,62.999
185.48,62.999
184.48,62.999
183.48,62.999
182.48,62.999
181.48,62.999
180.48,62.999
179.98,62.499
179.48,61.999
178.48,61.999
177.98,61.499
177.48,60.999
176.48,60.999
175.98,60.499
175.48,59.999
174.48,59.999
173.98,59.499
173.48,58.999
172.48,58.999
171.98,58.499
171.48,57.999
170.98,57.499
170.48,56.999
169.48,56.999
168.98,56.499
168.48,55.999
167.98,55.499
167.48,54.999
166.98,54.499
166.48,53.999
165.98,53.499
165.48,52.999
164.98,52.499
164.48,51.999
163.98,51.499
163.48,50.999
162.98,50.499
162.98,49.499
162.48,48.999
161.98,48.499
161.48,47.999
160.98,47.499
160.98,46.499
160.48,45.999
159.98,45.499
159.48,44.999
158.98,44.499
158.98,43.499
158.48,42.999
157.98,42.499
157.98,41.499
157.98,40.499
157.48,39.999
156.98,39.499
156.98,38.499
156.98,37.499
156.48,36.999
155.98,36.499
155.98,35.499
155.98,34.499
155.98,33.499
155.48,32.999
154.98,32.499
154.98,31.499
154.98,30.499
154.98,29.499
154.98,28.499
154.98,27.499
154.98,26.499
154.98,25.499
154.98,24.499
155.48,23.999
155.98,23.499
155.98,22.499
155.98,21.499
155.98,20.499
155.98,19.499
156.48,18.999
156.98,18.499
156.98,17.499
156.98,16.499
157.48,15.999
157.98,15.499
157.48,14.999
156.98,14.499
156.48,13.999
155.98,13.499
155.48,12.999
154.48,12.999
153.48,12.999
152.98,13.499
152.48,13.999
151.98,14.499
151.48,14.999
150.98,15.499
150.98,16.499
150.48,16.999
149.98,17.499
149.48,17.999
148.98,18.499
148.98,19.499
148.48,19.999
147.98,20.499
147.98,21.499
147.48,21.999
146.98,22.499
146.98,23.499
146.98,24.499
146.48,24.999
145.98,25.499
145.98,26.499
145.98,27.499
145.98,28.499
145.98,29.499
145.98,30.499
145.98,31.499
145.98,32.499
145.98,33.499
145.98,34.499
145.98,35.499
146.48,35.999
146.98,36.499
146.98,37.499
146.98,38.499
146.98,39.499
146.98,40.499
146.98,41.499
147.48,41.999
147.98,42.499
147.98,43.499
147.98,44.499
148.48,44.999
148.98,45.499
148.98,46.499
148.98,47.499
149.48,47.999
149.98,48.499
149.98,49.499
149.98,50.499
150.48,50.999
150.98,51.499
150.98,52.499
151.48,52.999
151.98,53.499
151.98,54.499
152.48,54.999
152.98,55.499
152.98,56.499
153.48,56.999
153.98,57.499
153.98,58.499
153.98,59.499
154.48,59.999
154.98,60.499
154.98,61.499
155.48,61.999
155.98,62.499
156.48,62.999
156.98,63.499
156.98,64.499
157.48,64.999
157.98,65.499
158.48,65.999
158.98,66.499
159.48,66.999
159.98,67.499
160.48,67.999
160.98,68.499
161.48,68.999
161.98,69.499
162.48,69.999
162.98,70.499
163.48,70.999
163.98,71.499
164.48,71.999
165.48,71.999
165.98,72.499
166.48,72.999
166.98,73.499
167.48,73.999
168.48,73.999
168.98,74.499
169.48,74.999
170.48,74.999
170.98,75.499
171.48,75.999
172.48,75.999
173.48,75.999
173.98,76.499
174.48,76.999
175.48,76.999
176.48,76.999
176.98,77.499
177.48,77.999
178.48,77.999
179.48,77.999
180.48,77.999
181.48,77.999
182.48,77.999
183.48,77.999
183.98,78.499
184.48,78.999
185.48,78.999
186.48,78.999
186.98,79.499
187.48,79.999
188.48,79.999
189.48,79.999
190.48,79.999
191.48,79.999
192.48,79.999
193.48,79.999
193.98,79.499
194.48,78.999
195.48,78.999
195.98,78.499
196.48,77.999
197.48,77.999
198.48,77.999
199.48,77.999
200.48,77.999
200.98,77.499
201.48,76.999
202.48,76.999
203.48,76.999
204.48,76.999
205.48,76.999
206.48,76.999
207.48,76.999
207.98,76.499
208.48,75.999
209.48,75.999
210.48,75.999
211.48,75.999
211.98,75.499
212.48,74.999
213.48,74.999
214.48,74.999
215.48,74.999
215.98,74.499
216.48,73.999
217.48,73.999
217.98,73.499
218.48,72.999
219.48,72.999
219.98,72.499
220.48,71.999
221.48,71.999
221.98,71.499
222.48,70.999
222.98,70.499
223.48,69.999
224.48,69.999
224.98,69.499
225.48,68.999
225.98,68.499
226.48,67.999
226.98,67.499
227.48,66.999
227.98,66.499
228.48,65.999
228.98,65.499
229.48,64.999
229.98,64.499
230.48,63.999
230.98,63.499
231.48,62.999
231.98,62.499
231.98,61.499
232.48,60.999
232.98,60.499
233.48,59.999
233.98,59.499
234.48,58.999
234.98,58.499
234.98,57.499
235.48,56.999
235.98,56.499
235.98,55.499
236.48,54.999
236.98,54.499
236.98,53.499
237.48,52.999
237.98,52.499
237.98,51.499
238.48,50.999
238.98,50.499
238.98,49.499
239.48,48.999
239.98,48.499
239.98,47.499
240.48,46.999
240.98,46.499
240.98,45.499
240.98,44.499
240.98,43.499
241.48,42.999
241.98,42.499
241.98,41.499
241.98,40.499
241.98,39.499
242.48,38.999
242.98,38.499
242.98,37.499
242.98,36.499
242.98,35.499
242.98,34.499
242.98,33.499
242.98,32.499
242.98,31.499
242.98,30.499
243.48,29.999
243.98,29.499
243.98,28.499
243.98,27.499
243.98,26.499
243.48,25.999
242.98,25.499
242.98,24.499
242.48,23.999
241.98,23.499
241.98,22.499
241.98,21.499
241.98,20.499
241.48,19.999
240.98,19.499
240.98,18.499
240.98,17.499
240.98,16.499
240.48,15.999
239.98,15.499
239.98,14.499
239.98,13.499
239.48,12.999
238.98,12.499
238.98,11.499
238.48,10.999
237.98,10.499
237.98,9.4988
237.48,8.9988
236.98,8.4988
236.98,7.4988
236.48,6.9988
235.98,6.4988
235.48,5.9988
234.98,5.4988
234.98,4.4988
234.48,3.9988
233.98,3.4988
233.48,2.9988
232.98,2.4988
232.48,1.9988
231.98,1.4988
231.48,0.9988
230.98,0.4988
230.48,-0.0012025
229.98,-0.5012
229.98,-1.5012
229.48,-2.0012
228.98,-2.5012
228.48,-3.0012
227.98,-3.5012
227.48,-4.0012
226.98,-4.5012
226.48,-5.0012
225.98,-5.5012
225.48,-6.0012
224.98,-6.5012
224.48,-7.0012
223.48,-7.0012
222.98,-7.5012
222.48,-8.0012
221.98,-8.5012
221.48,-9.0012
220.98,-9.5012
220.48,-10.001
219.98,-10.501
219.48,-11.001
218.98,-11.501
218.48,-12.001
217.98,-12.501
217.48,-13.001
216.48,-13.001
215.98,-13.501
215.48,-14.001
214.98,-14.501
214.48,-15.001
213.98,-15.501
213.48,-16.001
212.48,-16.001
211.98,-16.501
211.48,-17.001
210.98,-17.501
210.48,-18.001
209.98,-18.501
209.48,-19.001
208.98,-19.501
208.48,-20.001
207.98,-20.501
207.48,-21.001
206.48,-21.001
205.48,-21.001
204.48,-21.001
203.48,-21.001
202.48,-21.001
201.98,-21.501
201.48,-22.001
200.48,-22.001
199.98,-22.501
199.48,-23.001
198.48,-23.001
197.98,-23.501
197.48,-24.001
196.48,-24.001
195.98,-24.501
195.48,-25.001
194.98,-25.501
194.48,-26.001
193.48,-26.001
192.98,-26.501
192.48,-27.001
191.48,-27.001
190.98,-27.501
190.48,-28.001
189.48,-28.001
188.98,-28.501
188.48,-29.001
187.48,-29.001
186.98,-29.501
186.48,-30.001
185.48,-30.001
184.98,-30.501
184.48,-31.001
183.48,-31.001
182.48,-31.001
181.98,-31.501
181.48,-32.001
180.48,-32.001
179.98,-32.501
179.48,-33.001
178.48,-33.001
177.98,-33.501
177.48,-34.001
176.48,-34.001
175.98,-34.501
175.48,-35.001
174.48,-35.001
173.98,-35.501
173.48,-36.001
172.48,-36.001
171.48,-36.001
170.98,-36.501
170.48,-37.001
169.48,-37.001
168.98,-37.501
168.48,-38.001
167.48,-38.001
166.98,-38.501
166.48,-39.001
165.48,-39.001
164.48,-39.001
163.98,-39.501
163.48,-40.001
162.48,-40.001
161.98,-40.501
161.48,-41.001
160.98,-41.501
160.48,-42.001
159.98,-42.501
159.48,-43.001
158.48,-43.001
157.48,-43.001
156.48,-43.001
155.48,-43.001
154.48,-43.001
153.48,-43.001
152.48,-43.001
151.48,-43.001
150.48,-43.001
149.48,-43.001
148.48,-43.001
147.48,-43.001
146.48,-43.001
145.48,-43.001
144.48,-43.001
143.48,-43.001
142.48,-43.001
141.48,-43.001
140.48,-43.001
139.48,-43.001
138.48,-43.001
137.48,-43.001
136.48,-43.001
135.48,-43.001
134.48,-43.001
133.48,-43.001
132.48,-43.001
131.48,-43.001
130.48,-43.001
129.48,-43.001
128.48,-43.001
127.48,-43.001
126.48,-43.001
125.48,-43.001
124.98,-43.501
124.48,-44.001
123.48,-44.001
122.48,-44.001
121.48,-44.001
120.48,-44.001
119.48,-44.001
118.48,-44.001
117.48,-44.001
116.48,-44.001
115.98,-44.501
115.48,-45.001
114.48,-45.001
113.48,-45.001
112.48,-45.001
111.48,-45.001
110.48,-45.001
109.48,-45.001
108.48,-45.001
107.48,-45.001
106.98,-45.501
106.48,-46.001
105.48,-46.001
104.48,-46.001
103.48,-46.001
102.48,-46.001
101.48,-46.001
100.48,-46.001
99.475,-46.001
98.475,-46.001
97.475,-46.001
96.475,-46.001
95.975,-46.501
95.475,-47.001
94.475,-47.001
93.475,-47.001
92.475,-47.001
91.975,-47.501
91.475,-48.001
90.975,-48.501
90.475,-49.001
89.975,-49.501
89.475,-50.001
88.975,-50.501
88.475,-51.001
87.475,-51.001
86.975,-51.501
86.475,-52.001
85.975,-52.501
85.475,-53.001
84.475,-53.001
83.475,-53.001
82.975,-53.501
82.975,-54.501
82.975,-55.501
82.975,-56.501
82.475,-57.001
81.975,-57.501
81.475,-58.001
80.975,-58.501
80.975,-59.501
80.975,-60.501
80.975,-61.501
80.975,-62.501
80.975,-63.501
81.475,-64.001
81.975,-64.501
81.975,-65.501
81.975,-66.501
82.475,-67.001
82.975,-67.501
82.975,-68.501
82.975,-69.501
83.475,-70.001
83.975,-70.501
83.975,-71.501
84.475,-72.001
84.975,-72.501
84.975,-73.501
85.475,-74.001
85.975,-74.501
85.975,-75.501
86.475,-76.001
86.975,-76.501
86.975,-77.501
87.475,-78.001
87.975,-78.501
87.975,-79.501
88.475,-80.001
88.975,-80.501
88.975,-81.501
89.475,-82.001
89.975,-82.501
89.975,-83.501
90.475,-84.001
90.975,-84.501
91.475,-85.001
91.975,-85.501
91.975,-86.501
92.475,-87.001
92.975,-87.501
93.475,-88.001
93.975,-88.501
93.975,-89.501
94.475,-90.001
94.975,-90.501
94.975,-91.501
95.475,-92.001
95.975,-92.501
95.975,-93.501
96.475,-94.001
96.975,-94.501
96.975,-95.501
97.475,-96.001
97.975,-96.501
97.975,-97.501
98.475,-98.001
98.975,-98.501
98.975,-99.501
98.975,-100.5
99.475,-101
99.975,-101.5
99.975,-102.5
100.48,-103
100.98,-103.5
100.98,-104.5
101.48,-105
101.98,-105.5
101.98,-106.5
101.98,-107.5
102.48,-108
102.98,-108.5
103.48,-109
103.98,-109.5
103.98,-110.5
104.48,-111
104.98,-111.5
105.48,-112
105.98,-112.5
106.48,-113
107.48,-113
108.48,-113
109.48,-113
109.98,-113.5
110.48,-114
111.48,-114
111.98,-114.5
112.48,-115
113.48,-115
113.98,-115.5
114.48,-116
114.98,-116.5
114.98,-117.5
115.48,-118
115.98,-118.5
116.48,-119
116.98,-119.5
117.48,-120
117.98,-120.5
118.48,-121
118.98,-121.5
118.98,-122.5
119.48,-123
119.98,-123.5
120.48,-124
120.98,-124.5
120.98,-125.5
121.48,-126
121.98,-126.5
122.48,-127
122.98,-127.5
122.98,-128.5
123.48,-129
123.98,-129.5
123.98,-130.5
124.48,-131
124.98,-131.5
125.48,-132
125.98,-132.5
125.98,-133.5
126.48,-134
126.98,-134.5
127.48,-135
128.48,-135
128.98,-135.5
129.48,-136
130.48,-136
130.98,-136.5
130.98,-137.5
130.98,-138.5
131.48,-139
131.98,-139.5
132.48,-140
132.98,-140.5
132.98,-141.5
133.48,-142
133.98,-142.5
133.98,-143.5
134.48,-144
134.98,-144.5
134.48,-145
133.98,-145.5
133.98,-146.5
134.48,-147
134.98,-147.5
135.48,-148
135.98,-148.5
136.48,-149
136.98,-149.5
137.48,-150
137.98,-150.5
138.48,-151
138.98,-151.5
139.48,-152
140.48,-152
140.98,-152.5
141.48,-153
142.48,-153
142.98,-153.5
143.48,-154
144.48,-154
144.98,-154.5
145.48,-155
146.48,-155
147.48,-155
147.98,-155.5
148.48,-156
149.48,-156
150.48,-156
151.48,-156
151.98,-156.5
152.48,-157
153.48,-157
154.48,-157
155.48,-157
156.48,-157
156.98,-157.5
157.48,-158
158.48,-158
159.48,-158
160.48,-158
161.48,-158
162.48,-158
163.48,-158
164.48,-158
165.48,-158
166.48,-158
166.98,-157.5
167.48,-157
168.48,-157
169.48,-157
170.48,-157
171.48,-157
172.48,-157
173.48,-157
173.98,-157.5
174.48,-158
175.48,-158
175.98,-157.5
176.48,-157
177.48,-157
178.48,-157
179.48,-157
179.98,-156.5
180.48,-156
181.48,-156
181.98,-155.5
182.48,-155
183.48,-155
183.98,-154.5
184.48,-154
185.48,-154
185.98,-153.5
186.48,-153
187.48,-153
187.98,-152.5
188.48,-152
188.98,-151.5
189.48,-151
190.48,-151
190.98,-150.5
191.48,-150
191.98,-149.5
192.48,-149
192.98,-148.5
193.48,-148
193.98,-147.5
194.48,-147
194.98,-146.5
195.48,-146
195.98,-145.5
196.48,-145
196.98,-144.5
197.48,-144
197.98,-143.5
197.98,-142.5
197.98,-141.5
197.98,-140.5
197.98,-139.5
197.98,-138.5
197.98,-137.5
197.98,-136.5
197.98,-135.5
197.98,-134.5
197.98,-133.5
197.48,-133
196.98,-132.5
196.48,-132
195.98,-131.5
195.98,-130.5
195.98,-129.5
195.98,-128.5
195.98,-127.5
195.98,-126.5
195.98,-125.5
196.48,-125
196.98,-124.5
196.98,-123.5
196.98,-122.5
196.98,-121.5
196.48,-121
195.98,-120.5
195.98,-119.5
195.98,-118.5
195.98,-117.5
195.98,-116.5
195.48,-116
194.98,-115.5
194.98,-114.5
194.98,-113.5
194.98,-112.5
194.98,-111.5
194.48,-111
193.98,-110.5
193.98,-109.5
193.98,-108.5
193.98,-107.5
193.48,-107
192.98,-106.5
192.98,-105.5
192.48,-105
191.98,-104.5
191.98,-103.5
191.98,-102.5
191.48,-102
190.98,-101.5
190.48,-101
189.98,-100.5
189.98,-99.501
189.48,-99.001
188.98,-98.501
188.48,-98.001
187.98,-97.501
187.48,-97.001
186.98,-96.501
186.48,-96.001
185.98,-95.501
185.48,-95.001
184.98,-94.501
184.48,-94.001
183.48,-94.001
182.98,-93.501
182.48,-93.001
181.98,-92.501
181.48,-92.001
180.98,-91.501
180.48,-91.001
179.48,-91.001
178.48,-91.001
177.48,-91.001
176.98,-90.501
176.48,-90.001
175.48,-90.001
174.48,-90.001
173.48,-90.001
172.48,-90.001
171.48,-90.001
170.48,-90.001
169.48,-90.001
168.48,-90.001
167.48,-90.001
166.48,-90.001
165.48,-90.001
164.48,-90.001
163.48,-90.001
162.48,-90.001
161.48,-90.001
160.98,-89.501
160.48,-89.001
159.48,-89.001
158.48,-89.001
157.48,-89.001
156.48,-89.001
155.48,-89.001
154.98,-89.501
154.48,-90.001
153.48,-90.001
152.48,-90.001
151.48,-90.001
150.98,-90.501
150.48,-91.001
149.48,-91.001
148.48,-91.001
147.98,-91.501
147.48,-92.001
146.48,-92.001
145.48,-92.001
144.98,-92.501
144.48,-93.001
143.48,-93.001
142.48,-93.001
141.98,-93.501
141.48,-94.001
140.48,-94.001
139.98,-94.501
139.48,-95.001
138.48,-95.001
137.48,-95.001
136.98,-95.501
136.48,-96.001
135.48,-96.001
134.98,-96.501
134.48,-97.001
133.48,-97.001
132.48,-97.001
131.48,-97.001
130.98,-97.501
130.48,-98.001
129.48,-98.001
128.48,-98.001
127.48,-98.001
126.98,-98.501
126.48,-99.001
125.48,-99.001
124.48,-99.001
123.48,-99.001
122.48,-99.001
121.98,-99.501
121.48,-100
120.98,-99.501
120.48,-99.001
119.98,-98.501
119.48,-98.001
118.98,-97.501
118.98,-96.501
118.98,-95.501
119.48,-95.001
119.98,-94.501
120.48,-94.001
120.98,-93.501
121.48,-93.001
121.98,-92.501
122.48,-92.001
122.98,-91.501
123.48,-91.001
124.48,-91.001
124.98,-90.501
125.48,-90.001
126.48,-90.001
126.98,-89.501
127.48,-89.001
128.48,-89.001
128.98,-88.501
129.48,-88.001
130.48,-88.001
130.98,-87.501
131.48,-87.001
132.48,-87.001
132.98,-86.501
133.48,-86.001
134.48,-86.001
134.98,-85.501
135.48,-85.001
136.48,-85.001
137.48,-85.001
137.98,-84.501
138.48,-84.001
139.48,-84.001
139.98,-83.501
140.48,-83.001
141.48,-83.001
142.48,-83.001
142.98,-82.501
143.48,-82.001
144.48,-82.001
145.48,-82.001
145.98,-81.501
146.48,-81.001
147.48,-81.001
148.48,-81.001
148.98,-80.501
149.48,-80.001
150.48,-80.001
151.48,-80.001
151.98,-79.501
152.48,-79.001
153.48,-79.001
154.48,-79.001
154.98,-78.501
155.48,-78.001
156.48,-78.001
157.48,-78.001
158.48,-78.001
159.48,-78.001
160.48,-78.001
161.48,-78.001
161.98,-77.501
162.48,-77.001
163.48,-77.001
164.48,-77.001
164.98,-77.501
165.48,-78.001
166.48,-78.001
167.48,-78.001
168.48,-78.001
169.48,-78.001
169.98,-78.501
170.48,-79.001
171.48,-79.001
171.98,-79.501
172.48,-80.001
173.48,-80.001
174.48,-80.001
175.48,-80.001
176.48,-80.001
177.48,-80.001
178.48,-80.001
179.48,-80.001
180.48,-80.001
181.48,-80.001
182.48,-80.001
183.48,-80.001
184.48,-80.001
184.98,-80.501
185.48,-81.001
186.48,-81.001
187.48,-81.001
188.48,-81.001
188.98,-81.501
189.48,-82.001
190.48,-82.001
190.98,-82.501
191.48,-83.001
192.48,-83.001
193.48,-83.001
194.48,-83.001
195.48,-83.001
196.48,-83.001
196.98,-83.501
197.48,-84.001
197.98,-84.501
197.98,-85.501
198.48,-86.001
198.98,-86.501
198.98,-87.501
199.48,-88.001
199.98,-88.501
200.48,-89.001
200.98,-89.501
201.48,-90.001
201.98,-90.501
201.98,-91.501
202.48,-92.001
202.98,-92.501
203.48,-93.001
203.98,-93.501
203.98,-94.501
204.48,-95.001
204.98,-95.501
204.98,-96.501
205.48,-97.001
205.98,-97.501
205.98,-98.501
205.98,-99.501
206.48,-100
206.98,-100.5
206.98,-101.5
207.48,-102
207.98,-102.5
207.98,-103.5
207.98,-104.5
208.48,-105
208.98,-105.5
208.98,-106.5
208.98,-107.5
209.48,-108
209.98,-108.5
209.98,-109.5
209.98,-110.5
209.98,-111.5
210.48,-112
210.98,-112.5
210.98,-113.5
210.98,-114.5
210.98,-115.5
211.48,-116
211.98,-116.5
211.98,-117.5
211.98,-118.5
211.98,-119.5
211.98,-120.5
212.48,-121
212.98,-121.5
212.98,-122.5
212.98,-123.5
212.98,-124.5
212.98,-125.5
212.98,-126.5
212.98,-127.5
212.98,-128.5
213.48,-129
213.98,-129.5
213.98,-130.5
213.98,-131.5
213.98,-132.5
213.98,-133.5
213.98,-134.5
213.98,-135.5
213.98,-136.5
213.98,-137.5
213.98,-138.5
213.98,-139.5
213.98,-140.5
213.98,-141.5
213.98,-142.5
213.98,-143.5
213.98,-144.5
213.48,-145
212.98,-145.5
212.98,-146.5
212.98,-147.5
212.98,-148.5
212.48,-149
211.98,-149.5
211.98,-150.5
211.98,-151.5
211.48,-152
210.98,-152.5
210.98,-153.5
210.48,-154
209.98,-154.5
209.98,-155.5
209.48,-156
208.98,-156.5
208.98,-157.5
208.48,-158
207.98,-158.5
207.48,-159
206.98,-159.5
206.98,-160.5
206.98,-161.5
206.98,-162.5
206.48,-163
205.98,-163.5
205.48,-164
204.98,-164.5
204.48,-165
203.98,-165.5
203.48,-166
202.98,-166.5
202.48,-167
201.48,-167
200.98,-167.5
200.48,-168
199.48,-168
198.98,-168.5
198.48,-169
197.48,-169
196.98,-168.5
196.48,-168
195.48,-168
194.98,-168.5
194.48,-169
193.48,-169
192.98,-169.5
192.48,-170
191.48,-170
190.98,-170.5
190.48,-171
189.48,-171
188.98,-171.5
188.48,-172
187.48,-172
186.48,-172
185.98,-172.5
185.48,-173
184.48,-173
183.98,-173.5
183.48,-174
182.48,-174
181.98,-174.5
181.48,-175
180.48,-175
179.48,-175
178.98,-175.5
178.48,-176
177.48,-176
176.98,-176.5
176.48,-177
175.48,-177
174.48,-177
173.48,-177
172.98,-177.5
172.48,-178
171.48,-178
170.48,-178
169.48,-178
168.48,-178
167.48,-178
166.48,-178
165.98,-178.5
165.48,-179
164.48,-179
163.48,-179
162.98,-178.5
162.48,-178
161.48,-178
160.48,-178
159.48,-178
158.48,-178
157.48,-178
156.48,-178
155.48,-178
154.98,-177.5
154.48,-177
153.98,-177.5
153.48,-178
152.98,-178.5
152.48,-179
151.48,-179
150.48,-179
149.48,-179
148.98,-178.5
148.48,-178
147.48,-178
146.98,-177.5
146.48,-177
145.98,-176.5
145.48,-176
144.98,-175.5
144.48,-175
143.48,-175
142.98,-174.5
142.48,-174
141.48,-174
140.48,-174
139.98,-173.5
139.48,-173
138.48,-173
137.48,-173
136.48,-173
135.98,-172.5
135.48,-172
134.48,-172
133.48,-172
132.98,-171.5
132.48,-171
131.48,-171
130.48,-171
129.98,-170.5
129.48,-170
128.48,-170
127.98,-169.5
127.48,-169
126.48,-169
125.98,-168.5
125.48,-168
124.48,-168
123.48,-168
122.98,-167.5
122.48,-167
121.98,-166.5
121.48,-166
120.48,-166
119.98,-165.5
119.48,-165
118.48,-165
117.98,-164.5
117.48,-164
116.48,-164
115.98,-163.5
115.48,-163
114.98,-162.5
114.48,-162
113.48,-162
112.98,-161.5
112.48,-161
111.98,-160.5
111.48,-160
110.98,-159.5
110.48,-159
109.48,-159
108.98,-158.5
108.48,-158
107.98,-157.5
107.48,-157
106.98,-156.5
106.48,-156
105.98,-155.5
105.48,-155
104.98,-154.5
104.48,-154
103.48,-154
102.98,-153.5
102.48,-153
101.98,-152.5
101.48,-152
100.98,-151.5
100.48,-151
99.975,-150.5
99.975,-149.5
99.475,-149
98.975,-148.5
98.475,-148
97.975,-147.5
97.475,-147
96.975,-146.5
96.475,-146
95.975,-145.5
95.475,-145
94.975,-144.5
94.475,-144
93.975,-143.5
93.475,-143
92.475,-143
91.975,-142.5
91.475,-142
90.975,-141.5
90.475,-141
89.975,-140.5
89.475,-140
88.475,-140
87.975,-139.5
87.475,-139
86.975,-138.5
86.475,-138
85.475,-138
84.975,-137.5
84.475,-137
83.475,-137
82.975,-136.5
82.475,-136
81.475,-136
80.975,-135.5
80.475,-135
79.475,-135
78.475,-135
77.975,-134.5
77.475,-134
76.475,-134
75.475,-134
74.975,-133.5
74.475,-133
73.475,-133
72.975,-132.5
72.475,-132
71.975,-131.5
71.475,-131
70.975,-130.5
70.475,-130
69.975,-129.5
69.475,-129
68.475,-129
67.975,-128.5
67.475,-128
66.975,-127.5
66.475,-127
65.975,-126.5
65.475,-126
64.475,-126
63.975,-125.5
63.475,-125
62.975,-124.5
62.475,-124
61.975,-123.5
61.475,-123
60.975,-122.5
60.475,-122
59.975,-121.5
59.475,-121
58.975,-120.5
58.475,-120
57.975,-119.5
57.975,-118.5
57.475,-118
56.975,-117.5
56.475,-117
55.975,-116.5
55.475,-116
54.975,-115.5
54.975,-114.5
54.475,-114
53.975,-113.5
53.475,-113
52.975,-112.5
52.975,-111.5
52.475,-111
51.975,-110.5
51.475,-110
50.975,-109.5
50.475,-109
49.975,-108.5
49.975,-107.5
49.475,-107
48.975,-106.5
48.475,-106
47.975,-105.5
47.975,-104.5
47.475,-104
46.975,-103.5
46.475,-103
45.975,-102.5
45.975,-101.5
45.475,-101
44.975,-100.5
44.475,-100
43.975,-99.501
43.475,-99.001
42.975,-98.501
42.975,-97.501
42.475,-97.001
41.975,-96.501
41.475,-96.001
40.975,-95.501
40.475,-95.001
39.975,-94.501
39.975,-93.501
39.475,-93.001
38.975,-92.501
38.475,-92.001
37.975,-91.501
37.475,-91.001
36.975,-90.501
36.475,-90.001
35.975,-89.501
35.475,-89.001
34.975,-88.501
34.975,-87.501
34.475,-87.001
33.975,-86.501
33.475,-86.001
32.975,-85.501
32.475,-85.001
31.475,-85.001
30.975,-84.501
30.475,-84.001
29.975,-83.501
29.475,-83.001
28.975,-82.501
28.475,-82.001
27.975,-81.501
27.475,-81.001
26.475,-81.001
25.975,-80.501
25.475,-80.001
24.475,-80.001
23.975,-79.501
23.475,-79.001
22.475,-79.001
21.475,-79.001
20.975,-79.501
20.975,-80.501
20.975,-81.501
20.975,-82.501
20.975,-83.501
20.975,-84.501
20.975,-85.501
20.975,-86.501
20.975,-87.501
20.975,-88.501
20.975,-89.501
20.975,-90.501
21.475,-91.001
21.975,-91.501
21.975,-92.501
21.975,-93.501
21.975,-94.501
21.975,-95.501
21.975,-96.501
22.475,-97.001
22.975,-97.501
22.975,-98.501
22.975,-99.501
22.975,-100.5
23.475,-101
23.975,-101.5
23.975,-102.5
23.975,-103.5
23.975,-104.5
24.475,-105
24.975,-105.5
24.975,-106.5
24.975,-107.5
25.475,-108
25.975,-108.5
25.975,-109.5
25.975,-110.5
26.475,-111
26.975,-111.5
26.975,-112.5
26.975,-113.5
27.475,-114
27.975,-114.5
27.975,-115.5
27.975,-116.5
28.475,-117
28.975,-117.5
28.975,-118.5
29.475,-119
29.975,-119.5
29.975,-120.5
29.975,-121.5
30.475,-122
30.975,-122.5
30.975,-123.5
31.475,-124
31.975,-124.5
31.975,-125.5
32.475,-126
32.975,-126.5
32.975,-127.5
32.975,-128.5
33.475,-129
33.975,-129.5
33.975,-130.5
34.475,-131
34.975,-131.5
34.975,-132.5
35.475,-133
36.475,-133
37.475,-133
37.975,-133.5
38.475,-134
38.975,-134.5
39.475,-135
39.975,-135.5
40.475,-136
40.975,-136.5
40.975,-137.5
40.975,-138.5
40.975,-139.5
40.975,-140.5
40.975,-141.5
40.975,-142.5
41.475,-143
41.975,-143.5
41.975,-144.5
42.475,-145
42.975,-145.5
43.475,-146
43.975,-146.5
43.975,-147.5
44.475,-148
44.975,-148.5
44.975,-149.5
45.475,-150
45.975,-150.5
45.975,-151.5
46.475,-152
46.975,-152.5
46.975,-153.5
46.975,-154.5
47.475,-155
47.975,-155.5
47.975,-156.5
47.975,-157.5
48.475,-158
48.975,-158.5
48.975,-159.5
48.975,-160.5
49.475,-161
49.975,-161.5
50.475,-162
50.975,-162.5
51.475,-163
51.975,-163.5
52.475,-164
52.975,-164.5
52.975,-165.5
52.975,-166.5
52.975,-167.5
52.975,-168.5
52.975,-169.5
52.475,-170
51.975,-170.5
51.975,-171.5
51.975,-172.5
52.475,-173
52.975,-173.5
52.975,-174.5
52.975,-175.5
52.975,-176.5
52.975,-177.5
53.475,-178
53.975,-178.5
53.975,-179.5
53.975,-180.5
53.975,-181.5
53.975,-182.5
53.975,-183.5
53.975,-184.5
53.975,-185.5
53.975,-186.5
53.975,-187.5
53.975,-188.5
53.975,-189.5
53.975,-190.5
53.975,-191.5
53.975,-192.5
53.975,-193.5
53.475,-194
52.975,-194.5
52.975,-195.5
52.975,-196.5
52.975,-197.5
52.975,-198.5
52.475,-199
51.975,-199.5
51.975,-200.5
51.975,-201.5
51.975,-202.5
51.475,-203
50.975,-203.5
50.975,-204.5
50.975,-205.5
50.975,-206.5
50.475,-207
49.975,-207.5
49.975,-208.5
49.975,-209.5
49.475,-210
48.975,-210.5
48.975,-211.5
48.975,-212.5
48.975,-213.5
48.475,-214
47.975,-214.5
47.975,-215.5
47.975,-216.5
47.975,-217.5
47.975,-218.5
47.975,-219.5
47.975,-220.5
47.475,-221
46.975,-221.5
46.975,-222.5
46.475,-223
45.975,-223.5
45.475,-224
44.975,-224.5
44.475,-225
43.975,-225.5
43.475,-226
42.975,-226.5
42.975,-227.5
42.475,-228
41.975,-228.5
41.975,-229.5
41.475,-230
40.975,-230.5
40.475,-231
39.975,-231.5
39.475,-232
38.975,-232.5
38.475,-233
37.975,-233.5
37.475,-234
36.975,-234.5
36.475,-235
35.475,-235
34.975,-235.5
34.475,-236
33.475,-236
32.975,-236.5
32.475,-237
31.475,-237
30.975,-237.5
30.475,-238
29.475,-238
28.975,-238.5
28.475,-239
27.475,-239
26.975,-239.5
26.475,-240
25.475,-240
24.475,-240
23.975,-240.5
23.475,-241
22.475,-241
21.475,-241
20.975,-241.5
20.475,-242
19.475,-242
18.475,-242
17.475,-242
16.975,-242.5
16.475,-243
15.475,-243
14.475,-243
13.975,-243.5
13.475,-244
12.975,-244.5
12.475,-245
11.975,-245.5
11.475,-246
10.975,-246.5
10.475,-247
9.4751,-247
8.9751,-247.5
8.4751,-248
7.4751,-248
6.9751,-248.5
6.4751,-249
5.4751,-249
4.9751,-248.5
4.4751,-248
3.9751,-247.5
3.4751,-247
2.4751,-247
1.9751,-247.5
1.4751,-248
0.47515,-248
-0.024852,-248.5
-0.52485,-249
-1.5249,-249
-2.5249,-249
-3.0249,-249.5
-3.5249,-250
-4.5249,-250
-5.0249,-250.5
-5.5249,-251
-6.5249,-251
-7.5249,-251
-8.5249,-251
-9.0249,-251.5
-9.5249,-252
-10.525,-252
-11.525,-252
-12.525,-252
-13.525,-252
-14.525,-252
-15.525,-252
-16.525,-252
-17.525,-252
-18.025,-251.5
-18.525,-251
-19.525,-251
-20.025,-250.5
-20.525,-250
-21.525,-250
-22.025,-249.5
-22.525,-249
-23.525,-249
-24.525,-249
-25.025,-248.5
-25.525,-248
-26.525,-248
-27.025,-247.5
-27.525,-247
-28.525,-247
-29.525,-247
-30.025,-246.5
-30.525,-246
-31.525,-246
-32.525,-246
-33.025,-245.5
-33.525,-245
-34.525,-245
-35.525,-245
-36.525,-245
-37.525,-245
-38.525,-245
-39.525,-245
-40.525,-245
-41.025,-244.5
-41.525,-244
-42.025,-243.5
-42.525,-243
-43.025,-242.5
-43.025,-241.5
-43.525,-241
-44.025,-240.5
-44.525,-240
-45.025,-239.5
-45.525,-239
-46.525,-239
-47.025,-238.5
-47.525,-238
-48.025,-237.5
-48.525,-237
-49.525,-237
-50.025,-236.5
-50.525,-236
-51.025,-235.5
-51.525,-235
-52.025,-234.5
-52.525,-234
-53.025,-233.5
-53.525,-233
-54.525,-233
-55.025,-232.5
-55.525,-232
-56.025,-231.5
-56.525,-231
-57.025,-230.5
-57.525,-230
-58.025,-229.5
-58.525,-229
-59.025,-228.5
-59.525,-228
-60.025,-227.5
-60.525,-227
-61.025,-226.5
-61.525,-226
-62.025,-225.5
-62.525,-225
-63.025,-224.5
-63.525,-224
-64.025,-223.5
-64.525,-223
-65.025,-222.5
-65.525,-222
-66.025,-221.5
-66.525,-221
-67.025,-220.5
-67.525,-220
-68.025,-219.5
-68.025,-218.5
-68.525,-218
-69.025,-217.5
-69.525,-217
-70.025,-216.5
-70.525,-216
-71.025,-215.5
-71.025,-214.5
-71.525,-214
-72.025,-213.5
-72.025,-212.5
-72.525,-212
-73.025,-211.5
-73.025,-210.5
-73.525,-210
-74.025,-209.5
-74.025,-208.5
-74.025,-207.5
-74.525,-207
-75.025,-206.5
-75.025,-205.5
-75.025,-204.5
-75.025,-203.5
-75.025,-202.5
-75.025,-201.5
-75.025,-200.5
-75.025,-199.5
-75.025,-198.5
-75.025,-197.5
-75.025,-196.5
-75.025,-195.5
-75.025,-194.5
-75.025,-193.5
-75.025,-192.5
-75.025,-191.5
-74.525,-191
-74.025,-190.5
-74.025,-189.5
-74.025,-188.5
-74.025,-187.5
-73.525,-187
-73.025,-186.5
-73.025,-185.5
-73.025,-184.5
-73.025,-183.5
-72.525,-183
-72.025,-182.5
-72.025,-181.5
-71.525,-181
-71.025,-180.5
-71.025,-179.5
-71.025,-178.5
-70.525,-178
-70.025,-177.5
-70.025,-176.5
-69.525,-176
-69.025,-175.5
-69.025,-174.5
-69.025,-173.5
-68.525,-173
-68.025,-172.5
-68.025,-171.5
-67.525,-171
-67.025,-170.5
-67.025,-169.5
-66.525,-169
-66.025,-168.5
-65.525,-168
-65.025,-167.5
-65.025,-166.5
-64.525,-166
-64.025,-165.5
-64.025,-164.5
-63.525,-164
-63.025,-163.5
-62.525,-163
-62.025,-162.5
-62.025,-161.5
-61.525,-161
-61.025,-160.5
-60.525,-160
-60.025,-159.5
-59.525,-159
-59.025,-158.5
-58.525,-158
-58.025,-157.5
-57.525,-157
-57.025,-156.5
-56.525,-156
-55.525,-156
-55.025,-155.5
-54.525,-155
-54.025,-154.5
-53.525,-154
-52.525,-154
-52.025,-153.5
-51.525,-153
-50.525,-153
-50.025,-152.5
-49.525,-152
-48.525,-152
-47.525,-152
-46.525,-152
-45.525,-152
-44.525,-152
-44.025,-152.5
-43.525,-153
-43.025,-153.5
-43.025,-154.5
-43.025,-155.5
-43.525,-156
-44.025,-156.5
-44.525,-157
-45.025,-157.5
-45.525,-158
-46.025,-158.5
-46.525,-159
-47.525,-159
-48.025,-159.5
-48.525,-160
-49.025,-160.5
-49.525,-161
-50.025,-161.5
-50.525,-162
-51.025,-162.5
-51.525,-163
-52.025,-163.5
-52.525,-164
-53.525,-164
-54.025,-164.5
-54.525,-165
-55.025,-165.5
-55.025,-166.5
-55.525,-167
-56.025,-167.5
-56.025,-168.5
-56.525,-169
-57.025,-169.5
-57.025,-170.5
-57.525,-171
-58.025,-171.5
-58.025,-172.5
-58.525,-173
-59.025,-173.5
-59.025,-174.5
-59.525,-175
-60.025,-175.5
-60.025,-176.5
-60.025,-177.5
-60.525,-178
-61.025,-178.5
-61.025,-179.5
-61.025,-180.5
-61.525,-181
-62.025,-181.5
-62.025,-182.5
-62.025,-183.5
-62.525,-184
-63.025,-184.5
-63.025,-185.5
-63.025,-186.5
-63.025,-187.5
-63.525,-188
-64.025,-188.5
-64.025,-189.5
-64.025,-190.5
-64.025,-191.5
-64.025,-192.5
-64.025,-193.5
-64.525,-194
-65.025,-194.5
-65.025,-195.5
-65.025,-196.5
-65.025,-197.5
-65.025,-198.5
-65.025,-199.5
-65.025,-200.5
-65.025,-201.5
-65.025,-202.5
-64.525,-203
-64.025,-203.5
-64.025,-204.5
-64.025,-205.5
-64.025,-206.5
-64.025,-207.5
-63.525,-208
-63.025,-208.5
-63.025,-209.5
-62.525,-210
-62.025,-210.5
-62.025,-211.5
-61.525,-212
-61.025,-212.5
-60.525,-213
-60.025,-213.5
-59.525,-214
-59.025,-214.5
-58.525,-215
-58.025,-215.5
-57.525,-216
-57.025,-216.5
-56.525,-217
-56.025,-217.5
-55.525,-218
-54.525,-218
-54.025,-218.5
-53.525,-219
-53.025,-219.5
-52.525,-220
-51.525,-220
-51.025,-220.5
-50.525,-221
-49.525,-221
-49.025,-221.5
-48.525,-222
-47.525,-222
-47.025,-222.5
-46.525,-223
-45.525,-223
-45.025,-223.5
-44.525,-224
-44.025,-224.5
-43.525,-225
-42.525,-225
-42.025,-225.5
-41.525,-226
-40.525,-226
-40.025,-226.5
-39.525,-227
-38.525,-227
-38.025,-227.5
-37.525,-228
-36.525,-228
-36.025,-228.5
-35.525,-229
-35.025,-229.5
-34.525,-230
-33.525,-230
-32.525,-230
-32.025,-230.5
-31.525,-231
-30.525,-231
-30.025,-231.5
-29.525,-232
-28.525,-232
-27.525,-232
-27.025,-232.5
-26.525,-233
-25.525,-233
-24.525,-233
-24.025,-233.5
-23.525,-234
-22.525,-234
-21.525,-234
-20.525,-234
-19.525,-234
-18.525,-234
-17.525,-234
-16.525,-234
-15.525,-234
-14.525,-234
-14.025,-233.5
-13.525,-233
-12.525,-233
-11.525,-233
-10.525,-233
-10.025,-232.5
-9.5249,-232
-8.5249,-232
-7.5249,-232
-7.0249,-231.5
-6.5249,-231
-5.5249,-231
-5.0249,-230.5
-4.5249,-230
-3.5249,-230
-3.0249,-229.5
-2.5249,-229
-1.5249,-229
-0.52485,-229
-0.024852,-228.5
0.47515,-228
1.4751,-228
1.9751,-227.5
2.4751,-227
3.4751,-227
3.9751,-226.5
4.4751,-226
4.9751,-225.5
5.4751,-225
6.4751,-225
6.9751,-224.5
7.4751,-224
8.4751,-224
8.9751,-223.5
9.4751,-223
9.9751,-222.5
10.475,-222
11.475,-222
11.975,-221.5
12.475,-221
12.975,-220.5
13.475,-220
14.475,-220
14.975,-219.5
15.475,-219
15.975,-218.5
16.475,-218
16.975,-217.5
17.475,-217
18.475,-217
18.975,-216.5
18.975,-215.5
19.475,-215
19.975,-214.5
19.975,-213.5
20.475,-213
20.975,-212.5
20.975,-211.5
21.475,-211
21.975,-210.5
22.475,-210
23.475,-210
23.975,-209.5
24.475,-209
24.975,-208.5
24.975,-207.5
25.475,-207
25.975,-206.5
25.975,-205.5
26.475,-205
26.975,-204.5
26.975,-203.5
26.975,-202.5
26.975,-201.5
27.475,-201
27.975,-200.5
27.975,-199.5
27.975,-198.5
27.975,-197.5
27.975,-196.5
27.475,-196
26.475,-196
25.975,-195.5
25.475,-195
24.975,-194.5
24.975,-193.5
24.975,-192.5
24.975,-191.5
24.975,-190.5
24.975,-189.5
25.475,-189
25.975,-188.5
25.975,-187.5
26.475,-187
26.975,-186.5
27.475,-186
27.975,-185.5
27.975,-184.5
27.975,-183.5
27.975,-182.5
27.975,-181.5
27.975,-180.5
27.975,-179.5
27.975,-178.5
27.975,-177.5
27.475,-177
26.975,-176.5
26.975,-175.5
26.975,-174.5
26.975,-173.5
26.975,-172.5
26.475,-172
25.975,-171.5
25.975,-170.5
25.975,-169.5
25.475,-169
24.975,-168.5
24.975,-167.5
24.475,-167
23.975,-166.5
23.975,-165.5
23.475,-165
22.475,-165
21.475,-165
20.475,-165
19.975,-164.5
19.475,-164
18.975,-163.5
18.975,-162.5
18.475,-162
17.975,-161.5
17.475,-161
16.975,-160.5
16.975,-159.5
16.475,-159
15.975,-158.5
15.975,-157.5
15.475,-157
14.975,-156.5
14.475,-156
13.975,-155.5
13.475,-155
12.975,-154.5
12.475,-154
11.975,-153.5
11.975,-152.5
11.475,-152
10.975,-151.5
10.475,-151
9.9751,-150.5
9.9751,-149.5
9.4751,-149
8.9751,-148.5
8.4751,-148
7.9751,-147.5
7.9751,-146.5
7.4751,-146
6.9751,-145.5
6.4751,-145
5.9751,-144.5
5.9751,-143.5
5.4751,-143
4.9751,-142.5
4.4751,-142
3.9751,-141.5
3.9751,-140.5
3.4751,-140
2.9751,-139.5
2.4751,-139
1.9751,-138.5
1.9751,-137.5
1.4751,-137
0.97515,-136.5
0.47515,-136
-0.024852,-135.5
-0.52485,-135
-1.0249,-134.5
-1.0249,-133.5
-1.5249,-133
-2.0249,-132.5
-2.5249,-132
-3.0249,-131.5
-3.5249,-131
-4.0249,-130.5
-4.5249,-130
-5.0249,-129.5
-5.5249,-129
-6.0249,-128.5
-6.5249,-128
-7.0249,-127.5
-7.5249,-127
-8.0249,-126.5
-8.5249,-126
-9.0249,-125.5
-9.5249,-125
-10.025,-124.5
-10.525,-124
-11.025,-123.5
-11.025,-122.5
-11.525,-122
-12.025,-121.5
-12.525,-121
-13.025,-120.5
-13.025,-119.5
-13.525,-119
-14.025,-118.5
-14.525,-118
-15.025,-117.5
-15.025,-116.5
-15.525,-116
-16.025,-115.5
-16.525,-115
-17.025,-114.5
-17.025,-113.5
-17.525,-113
-18.025,-112.5
-18.025,-111.5
-18.525,-111
-19.025,-110.5
-19.525,-110
-20.025,-109.5
-20.025,-108.5
-20.525,-108
-21.025,-107.5
-21.025,-106.5
-21.525,-106
-22.025,-105.5
-22.525,-105
-23.025,-104.5
-23.025,-103.5
-23.525,-103
-24.025,-102.5
-24.525,-102
-25.025,-101.5
-25.525,-101
-26.025,-100.5
-26.025,-99.501
-26.525,-99.001
-27.025,-98.501
-27.525,-98.001
-28.025,-97.501
-28.525,-97.001
-29.025,-96.501
-29.525,-96.001
-30.025,-95.501
-30.525,-95.001
-31.025,-94.501
-31.525,-94.001
-32.025,-93.501
-32.525,-93.001
-33.525,-93.001
-34.025,-92.501
-34.525,-92.001
-35.025,-91.501
-35.525,-91.001
-36.525,-91.001
-37.025,-90.501
-37.525,-90.001
-38.525,-90.001
-39.525,-90.001
-40.025,-89.501
-40.525,-89.001
-41.525,-89.001
-42.525,-89.001
-43.525,-89.001
-44.525,-89.001
-45.025,-89.501
-45.525,-90.001
-46.525,-90.001
-47.525,-90.001
-48.025,-90.501
-48.525,-91.001
-49.525,-91.001
-50.525,-91.001
-51.525,-91.001
-52.025,-91.501
-52.525,-92.001
-53.525,-92.001
-54.525,-92.001
-55.525,-92.001
-56.525,-92.001
-57.525,-92.001
-58.025,-92.501
-58.525,-93.001
-59.525,-93.001
-60.525,-93.001
-61.525,-93.001
-62.525,-93.001
-63.525,-93.001
-64.525,-93.001
-65.525,-93.001
-66.025,-93.501
-66.525,-94.001
-67.525,-94.001
-68.025,-94.501
-68.525,-95.001
-69.025,-95.501
-69.525,-96.001
-70.525,-96.001
-71.025,-96.501
-71.525,-97.001
-72.525,-97.001
-73.025,-97.501
-73.525,-98.001
-74.525,-98.001
-75.025,-98.501
-75.525,-99.001
-76.525,-99.001
-77.525,-99.001
-78.025,-99.501
-78.525,-100
-79.525,-100
-80.525,-100
-81.525,-100
-82.025,-100.5
-82.525,-101
-83.525,-101
-84.525,-101
-85.025,-101.5
-85.525,-102
-86.525,-102
-87.025,-102.5
-87.525,-103
-88.525,-103
-89.025,-103.5
-89.525,-104
-90.025,-104.5
-90.525,-105
-91.025,-105.5
-91.525,-106
-92.025,-106.5
-92.525,-107
-93.025,-107.5
-93.525,-108
-94.025,-108.5
-94.525,-109
-95.025,-109.5
-95.525,-110
-96.025,-110.5
-96.525,-111
-97.025,-111.5
-97.525,-112
-98.025,-112.5
-98.525,-113
-99.025,-113.5
-99.525,-114
-100.02,-114.5
-100.52,-115
-101.02,-115.5
-101.52,-116
-102.52,-116
-103.02,-116.5
-103.52,-117
-104.02,-117.5
-104.52,-118
-105.02,-118.5
-105.02,-119.5
-105.52,-120
-106.02,-120.5
-106.02,-121.5
-106.52,-122
-107.02,-122.5
-107.52,-123
-108.52,-123
-109.02,-123.5
-109.52,-124
-110.52,-124
-111.02,-124.5
-111.52,-125
-112.52,-125
-113.52,-125
-114.02,-124.5
-114.52,-124
-115.52,-124
-116.52,-124
-117.02,-124.5
-117.52,-125
-118.52,-125
-119.52,-125
-120.02,-125.5
-120.52,-126
-121.52,-126
-122.52,-126
-123.52,-126
-124.52,-126
-125.02,-126.5
-125.52,-127
-126.52,-127
-127.52,-127
-128.52,-127
-129.52,-127
-130.52,-127
-131.52,-127
-132.52,-127
-133.02,-127.5
-133.52,-128
-134.52,-128
-135.52,-128
-136.52,-128
-137.02,-128.5
-137.52,-129
-138.02,-129.5
-138.52,-130
-139.52,-130
-140.52,-130
-141.52,-130
-142.52,-130
-143.52,-130
-144.02,-129.5
-144.52,-129
-145.52,-129
-146.02,-129.5
-146.52,-130
-147.52,-130
-148.52,-130
-149.52,-130
-150.02,-130.5
-150.52,-131
-151.52,-131
-152.52,-131
-153.02,-131.5
-153.52,-132
-154.52,-132
-155.02,-132.5
-155.52,-133
-156.52,-133
-157.02,-133.5
-157.52,-134
-158.02,-134.5
-158.52,-135
-159.02,-135.5
-159.52,-136
-160.02,-136.5
-160.52,-137
-161.02,-137.5
-161.52,-138
-162.02,-138.5
-162.52,-139
-163.02,-139.5
-163.52,-140
-164.02,-140.5
-164.52,-141
-165.02,-141.5
-165.02,-142.5
-165.02,-143.5
-165.02,-144.5
-165.52,-145
-166.02,-145.5
-166.52,-146
-167.52,-146
-168.52,-146
-169.52,-146
-170.52,-146
-171.52,-146
-172.52,-146
-173.52,-146
-174.02,-145.5
-174.52,-145
-175.02,-145.5
-175.52,-146
-176.52,-146
-177.52,-146
-178.52,-146
-179.52,-146
-180.52,-146
-181.52,-146
-182.02,-146.5
-182.52,-147
-183.52,-147
-184.52,-147
-185.52,-147
-186.52,-147
-187.52,-147
-188.52,-147
-189.52,-147
-190.52,-147
-191.52,-147
-192.52,-147
-193.52,-147
-194.52,-147
-195.52,-147
-196.52,-147
-197.52,-147
-198.52,-147
-199.52,-147
-200.52,-147
-201.52,-147
-202.52,-147
-203.52,-147
-204.52,-147
-205.52,-147
-206.52,-147
-207.52,-147
-208.02,-146.5
-208.52,-146
-209.52,-146
-210.52,-146
-211.52,-146
-212.02,-145.5
-212.52,-145
-213.52,-145
-214.52,-145
-215.02,-144.5
-215.52,-144
-216.52,-144
-217.02,-143.5
-217.52,-143
-218.52,-143
-219.02,-142.5
-219.52,-142
-220.02,-141.5
-220.52,-141
-221.52,-141
-222.02,-140.5
-222.52,-140
-223.02,-139.5
-223.52,-139
-224.02,-138.5
-224.52,-138
-225.52,-138
-226.02,-137.5
-226.52,-137
-227.02,-136.5
-227.52,-136
-228.02,-135.5
-228.52,-135
-229.02,-134.5
-229.52,-134
-230.02,-133.5
-230.52,-133
-231.02,-132.5
-231.52,-132
-232.02,-131.5
-232.52,-131
-233.52,-131
-234.52,-131
-235.02,-130.5
-235.52,-130
-236.02,-129.5
-236.52,-129
-237.02,-128.5
-237.52,-128
-238.02,-127.5
-238.52,-127
-239.02,-126.5
-239.02,-125.5
-239.52,-125
-240.02,-124.5
-240.02,-123.5
-240.02,-122.5
-240.02,-121.5
-240.02,-120.5
-240.52,-120
-241.02,-119.5
-241.02,-118.5
-241.52,-118
-242.02,-117.5
-242.02,-116.5
-242.52,-116
-243.02,-115.5
-243.02,-114.5
-243.02,-113.5
-243.52,-113
-244.02,-112.5
-244.02,-111.5
-244.02,-110.5
-244.02,-109.5
-244.02,-108.5
-244.52,-108
-245.02,-107.5
-245.02,-106.5
-245.02,-105.5
-245.02,-104.5
-245.02,-103.5
-245.02,-102.5
-245.02,-101.5
-245.02,-100.5
-245.02,-99.501
-245.02,-98.501
-245.02,-97.501
-245.02,-96.501
-245.02,-95.501
-245.02,-94.501
-245.02,-93.501
-245.52,-93.001
-246.02,-92.501
-246.02,-91.501
-246.02,-90.501
-246.52,-90.001
-247.02,-89.501
-247.02,-88.501
-246.52,-88.001
-246.02,-87.501
-246.02,-86.501
-245.52,-86.001
-245.02,-85.501
-244.52,-85.001
-244.02,-84.501
-244.02,-83.501
-243.52,-83.001
-243.02,-82.501
-243.02,-81.501
-243.02,-80.501
-243.02,-79.501
-243.02,-78.501
-242.52,-78.001
-242.02,-77.501
-242.02,-76.501
-242.02,-75.501
-242.02,-74.501
-242.02,-73.501
-241.52,-73.001
-241.02,-72.501
-241.02,-71.501
-241.02,-70.501
-241.02,-69.501
-241.02,-68.501
-240.52,-68.001
-240.02,-67.501
-240.02,-66.501
-240.02,-65.501
-239.52,-65.001
-239.02,-64.501
-239.02,-63.501
-239.02,-62.501
-239.02,-61.501
-238.52,-61.001
-238.02,-60.501
-238.02,-59.501
-237.52,-59.001
-237.02,-58.501
-236.52,-58.001
-236.02,-57.501
-236.02,-56.501
-235.52,-56.001
-235.02,-55.501
-234.52,-55.001
-234.02,-54.501
-233.52,-54.001
-233.02,-53.501
-232.52,-53.001
-232.02,-52.501
-231.52,-52.001
-230.52,-52.001
-230.02,-51.501
-229.52,-51.001
-229.02,-50.501
-228.52,-50.001
-227.52,-50.001
-227.02,-49.501
-226.52,-49.001
-226.02,-48.501
-225.52,-48.001
-224.52,-48.001
-224.02,-47.501
-223.52,-47.001
-222.52,-47.001
-222.02,-46.501
-221.52,-46.001
-220.52,-46.001
-219.52,-46.001
-219.02,-45.501
-218.52,-45.001
-217.52,-45.001
-217.02,-44.501
-216.52,-44.001
-215.52,-44.001
-214.52,-44.001
-214.02,-43.501
-213.52,-43.001
-212.52,-43.001
-211.52,-43.001
-210.52,-43.001
-209.52,-43.001
-208.52,-43.001
-207.52,-43.001
-206.52,-43.001
-205.52,-43.001
-205.02,-43.501
-204.52,-44.001
-203.52,-44.001
-202.52,-44.001
-201.52,-44.001
-201.02,-44.501
-200.52,-45.001
-199.52,-45.001
-198.52,-45.001
-197.52,-45.001
-197.02,-45.501
-196.52,-46.001
-195.52,-46.001
-194.52,-46.001
-193.52,-46.001
-193.02,-46.501
-192.52,-47.001
-191.52,-47.001
-190.52,-47.001
-189.52,-47.001
-189.02,-47.501
-188.52,-48.001
-187.52,-48.001
-186.52,-48.001
-186.02,-48.501
-185.52,-49.001
-184.52,-49.001
-184.02,-49.501
-183.52,-50.001
-183.02,-50.501
-182.52,-51.001
-182.02,-51.501
-182.52,-52.001
-183.02,-52.501
-183.02,-53.501
-183.52,-54.001
-184.52,-54.001
-185.02,-54.501
-185.52,-55.001
-186.02,-54.501
-186.52,-54.001
-187.52,-54.001
-188.52,-54.001
-189.52,-54.001
-190.52,-54.001
-191.52,-54.001
-192.52,-54.001
-193.52,-54.001
-194.52,-54.001
-195.52,-54.001
-196.52,-54.001
-197.52,-54.001
-198.52,-54.001
-199.52,-54.001
-200.52,-54.001
-201.02,-53.501
-201.52,-53.001
-202.52,-53.001
-203.52,-53.001
-204.52,-53.001
-205.52,-53.001
-206.52,-53.001
-207.52,-53.001
-208.52,-53.001
-209.52,-53.001
-210.52,-53.001
-211.52,-53.001
-212.02,-53.501
-212.52,-54.001
-213.52,-54.001
-214.02,-54.501
-214.52,-55.001
-215.52,-55.001
-216.02,-55.501
-216.52,-56.001
-217.02,-56.501
-217.52,-57.001
-218.02,-57.501
-218.52,-58.001
-219.02,-58.501
-219.52,-59.001
-220.02,-59.501
-220.52,-60.001
-221.02,-60.501
-221.52,-61.001
-222.02,-61.501
-222.52,-62.001
-223.02,-62.501
-223.52,-63.001
-224.02,-63.501
-224.52,-64.001
-225.02,-64.501
-225.52,-65.001
-226.02,-65.501
-226.52,-66.001
-227.02,-66.501
-227.52,-67.001
-228.02,-67.501
-228.02,-68.501
-228.52,-69.001
-229.02,-69.501
-229.02,-70.501
-229.02,-71.501
-229.52,-72.001
-230.02,-72.501
-230.02,-73.501
-230.02,-74.501
-230.02,-75.501
-230.52,-76.001
-231.02,-76.501
-231.02,-77.501
-231.02,-78.501
-231.02,-79.501
-231.02,-80.501
-231.52,-81.001
-232.02,-81.501
-232.02,-82.501
-232.02,-83.501
-232.02,-84.501
-232.02,-85.501
-232.02,-86.501
-232.02,-87.501
-232.02,-88.501
-232.52,-89.001
-233.02,-89.501
-233.02,-90.501
-233.02,-91.501
-233.02,-92.501
-233.02,-93.501
-233.02,-94.501
-233.02,-95.501
-233.02,-96.501
-233.02,-97.501
-233.02,-98.501
-233.02,-99.501
-233.02,-100.5
-233.02,-101.5
-232.52,-102
-232.02,-102.5
-232.02,-103.5
-232.02,-104.5
-232.02,-105.5
-232.02,-106.5
-231.52,-107
-231.02,-107.5
-231.02,-108.5
-230.52,-109
-230.02,-109.5
-230.02,-110.5
-229.52,-111
-229.02,-111.5
-228.52,-112
-228.02,-112.5
-227.52,-113
-226.52,-113
-225.52,-113
-225.02,-113.5
-224.52,-114
-224.02,-114.5
-223.52,-115
-223.02,-115.5
-223.02,-116.5
-222.52,-117
-222.02,-117.5
-221.52,-118
-221.02,-118.5
-221.02,-119.5
-220.52,-120
-219.52,-120
-219.02,-120.5
-218.52,-121
-218.02,-121.5
-217.52,-122
-217.02,-122.5
-216.52,-123
-215.52,-123
-215.02,-123.5
-214.52,-124
-213.52,-124
-213.02,-124.5
-212.52,-125
-211.52,-125
-211.02,-125.5
-210.52,-126
-209.52,-126
-209.02,-126.5
-208.52,-127
-207.52,-127
-206.52,-127
-206.02,-127.5
-205.52,-128
-204.52,-128
-203.52,-128
-202.52,-128
-202.02,-128.5
-201.52,-129
-200.52,-129
-199.52,-129
-198.52,-129
-198.02,-128.5
-197.52,-128
-196.52,-128
-196.02,-127.5
-195.52,-127
-194.52,-127
-193.52,-127
-192.52,-127
-191.52,-127
-190.52,-127
-189.52,-127
-188.52,-127
-187.52,-127
-187.02,-126.5
-186.52,-126
-185.52,-126
-184.52,-126
-184.02,-125.5
-183.52,-125
-182.52,-125
-181.52,-125
-180.52,-125
-180.02,-124.5
-179.52,-124
-178.52,-124
-177.52,-124
-177.02,-123.5
-176.52,-123
-175.52,-123
-174.52,-123
-173.52,-123
-173.02,-122.5
-172.52,-122
-171.52,-122
-170.52,-122
-169.52,-122
-169.02,-121.5
-169.02,-120.5
-169.02,-119.5
-169.02,-118.5
-168.52,-118
-168.02,-117.5
-168.02,-116.5
-167.52,-116
-167.02,-115.5
-166.52,-115
-166.02,-114.5
-165.52,-114
-164.52,-114
-163.52,-114
-163.02,-113.5
-162.52,-113
-162.02,-112.5
-161.52,-112
-161.02,-111.5
-160.52,-111
-160.02,-110.5
-159.52,-110
-158.52,-110
-158.02,-109.5
-157.52,-109
-156.52,-109
-156.02,-108.5
-155.52,-108
-154.52,-108
-154.02,-107.5
-153.52,-107
-152.52,-107
-152.02,-106.5
-151.52,-106
-150.52,-106
-150.02,-105.5
-149.52,-105
-148.52,-105
-147.52,-105
-147.02,-104.5
-146.52,-104
-145.52,-104
-145.02,-103.5
-144.52,-103
-143.52,-103
-142.52,-103
-142.02,-102.5
-141.52,-102
-140.52,-102
-140.02,-101.5
-139.52,-101
-138.52,-101
-137.52,-101
-137.02,-100.5
-136.52,-100
-135.52,-100
-135.02,-99.501
-134.52,-99.001
-134.02,-98.501
-134.02,-97.501
-133.52,-97.001
-133.02,-96.501
-132.52,-96.001
-132.02,-95.501
-131.52,-95.001
-130.52,-95.001
-130.02,-94.501
-129.52,-94.001
-128.52,-94.001
-128.02,-93.501
-127.52,-93.001
-127.02,-92.501
-126.52,-92.001
-125.52,-92.001
-124.52,-92.001
-123.52,-92.001
-123.02,-91.501
-122.52,-91.001
-122.02,-90.501
-121.52,-90.001
-121.02,-89.501
-120.52,-89.001
-120.02,-88.501
-119.52,-88.001
-119.02,-87.501
-118.52,-87.001
-118.02,-86.501
-117.52,-86.001
-117.02,-85.501
-116.52,-85.001
-116.02,-84.501
-115.52,-84.001
-115.02,-83.501
-115.02,-82.501
-114.52,-82.001
-114.02,-81.501
-113.52,-81.001
-113.02,-80.501
-112.52,-80.001
-112.02,-79.501
-111.52,-79.001
-111.02,-78.501
-110.52,-78.001
-110.02,-77.501
-110.02,-76.501
-109.52,-76.001
-109.02,-75.501
-108.52,-75.001
-108.02,-74.501
-108.02,-73.501
-107.52,-73.001
-107.02,-72.501
-106.52,-72.001
-106.02,-71.501
-105.52,-71.001
-105.02,-70.501
-105.02,-69.501
-104.52,-69.001
-104.02,-68.501
-103.52,-68.001
-103.02,-67.501
-102.52,-67.001
-102.02,-66.501
-101.52,-66.001
-101.02,-65.501
-101.02,-64.501
-100.52,-64.001
-100.02,-63.501
-99.525,-63.001
-99.025,-62.501
-98.525,-62.001
-98.025,-61.501
-97.525,-61.001
-97.025,-60.501
-96.525,-60.001
-96.025,-59.501
-96.025,-58.501
-96.025,-57.501
-96.025,-56.501
-96.025,-55.501
-96.025,-54.501
-96.025,-53.501
-96.525,-53.001
-97.025,-52.501
-97.025,-51.501
-97.025,-50.501
-97.525,-50.001
-98.025,-49.501
-98.025,-48.501
-98.525,-48.001
-99.025,-47.501
-99.025,-46.501
-99.525,-46.001
-100.02,-45.501
-100.02,-44.501
-100.52,-44.001
-101.02,-43.501
-101.02,-42.501
-101.52,-42.001
-102.02,-41.501
-102.52,-41.001
-103.02,-40.501
-103.02,-39.501
-103.52,-39.001
-104.02,-38.501
-104.02,-37.501
-104.52,-37.001
-105.02,-36.501
-105.52,-36.001
-106.02,-35.501
-106.02,-34.501
-106.52,-34.001
-107.02,-33.501
-107.52,-33.001
-108.02,-32.501
-108.02,-31.501
-108.52,-31.001
-109.02,-30.501
-109.52,-30.001
-110.02,-29.501
-110.52,-29.001
-111.02,-28.501
-111.02,-27.501
-111.52,-27.001
-112.02,-26.501
-112.52,-26.001
-113.02,-25.501
-113.52,-25.001
-114.02,-24.501
-114.02,-23.501
-114.52,-23.001
-115.02,-22.501
-115.52,-22.001
-116.02,-21.501
-116.52,-21.001
-117.02,-20.501
-117.52,-20.001
-118.02,-19.501
-118.02,-18.501
-118.52,-18.001
-119.02,-17.501
-119.52,-17.001
-120.02,-16.501
-120.52,-16.001
-121.02,-15.501
-121.02,-14.501
-121.52,-14.001
-122.02,-13.501
-122.02,-12.501
-122.52,-12.001
-123.02,-11.501
-123.02,-10.501
-123.52,-10.001
-124.02,-9.5012
-124.02,-8.5012
-124.02,-7.5012
-124.52,-7.0012
-125.52,-7.0012
-126.02,-6.5012
-126.52,-6.0012
-127.52,-6.0012
-128.52,-6.0012
-129.02,-5.5012
-129.52,-5.0012
-130.52,-5.0012
-131.52,-5.0012
-132.02,-4.5012
-132.52,-4.0012
-133.52,-4.0012
-134.52,-4.0012
-135.02,-3.5012
-135.52,-3.0012
-136.52,-3.0012
-137.02,-2.5012
-137.52,-2.0012
-138.52,-2.0012
-139.52,-2.0012
-140.02,-2.5012
-140.52,-3.0012
-141.52,-3.0012
-142.02,-3.5012
-142.52,-4.0012
-143.02,-3.5012
-143.52,-3.0012
-144.02,-2.5012
-144.52,-2.0012
-145.52,-2.0012
-146.52,-2.0012
-147.02,-1.5012
-147.52,-1.0012
-148.02,-0.5012
-148.52,-0.0012025
-149.02,0.4988
-149.52,0.9988
-150.02,1.4988
-149.52,1.9988
-149.02,2.4988
-149.52,2.9988
-150.52,2.9988
-151.02,3.4988
-151.52,3.9988
-152.52,3.9988
-153.02,4.4988
-153.52,4.9988
-154.52,4.9988
-155.02,5.4988
-155.52,5.9988
-156.02,6.4988
-156.52,6.9988
-157.52,6.9988
-158.02,7.4988
-158.52,7.9988
-159.52,7.9988
-160.02,8.4988
-160.52,8.9988
-161.52,8.9988
-162.02,9.4988
-162.52,9.9988
-163.52,9.9988
-164.52,9.9988
-165.02,10.499
-165.52,10.999
-166.52,10.999
-167.52,10.999
-168.52,10.999
-169.02,11.499
-169.52,11.999
-170.52,11.999
-171.52,11.999
-172.52,11.999
-173.02,12.499
-173.52,12.999
-174.52,12.999
-175.52,12.999
-176.52,12.999
-177.52,12.999
-178.52,12.999
-179.02,13.499
-179.52,13.999
-180.52,13.999
-181.52,13.999
-182.52,13.999
-183.52,13.999
-184.52,13.999
-185.02,14.499
-185.52,14.999
-186.52,14.999
-187.52,14.999
-188.52,14.999
-189.52,14.999
-190.52,14.999
-191.52,14.999
-192.02,15.499
-192.52,15.999
-193.52,15.999
-194.52,15.999
-195.52,15.999
-196.52,15.999
-197.02,16.499
-197.52,16.999
-198.52,16.999
-199.52,16.999
-200.02,17.499
-200.52,17.999
-201.52,17.999
-202.52,17.999
-203.02,18.499
-203.52,18.999
-204.52,18.999
-205.52,18.999
-206.02,19.499
-206.52,19.999
-207.52,19.999
-208.02,20.499
-208.52,20.999
-209.52,20.999
-210.02,21.499
-210.52,21.999
-211.52,21.999
-212.02,22.499
-212.52,22.999
-213.02,23.499
-213.52,23.999
-214.52,23.999
-215.02,24.499
-215.52,24.999
-216.52,24.999
-217.02,25.499
-217.52,25.999
-218.02,26.499
-218.52,26.999
-219.52,26.999
-220.02,26.499
-220.52,25.999
-221.52,25.999
-222.52,25.999
-223.52,25.999
-224.02,26.499
-224.52,26.999
-225.02,27.499
-225.52,27.999
-226.02,28.499
-226.52,28.999
-227.02,29.499
-227.52,29.999
-228.02,30.499
-228.52,30.999
-229.02,31.499
-229.02,32.499
-229.02,33.499
-229.02,34.499
-229.52,34.999
-230.52,34.999
-231.02,35.499
-231.52,35.999
-232.02,36.499
-232.52,36.999
-233.02,37.499
-233.52,37.999
-234.52,37.999
-235.02,38.499
-235.52,38.999
-236.02,39.499
-236.02,40.499
-236.52,40.999
-237.02,41.499
-237.52,41.999
-238.02,42.499
-238.02,43.499
-238.52,43.999
-239.02,44.499
-239.02,45.499
-239.52,45.999
-240.02,46.499
-240.02,47.499
-240.52,47.999
-241.02,48.499
-241.02,49.499
-241.52,49.999
-242.02,50.499
-242.02,51.499
-242.02,52.499
-242.52,52.999
-243.02,53.499
-243.02,54.499
-243.52,54.999
-244.02,55.499
-244.02,56.499
-244.02,57.499
-244.02,58.499
-244.52,58.999
-245.02,59.499
-245.02,60.499
-245.02,61.499
-245.52,61.999
-246.02,62.499
-246.02,63.499
-246.02,64.499
-246.02,65.499
-246.52,65.999
-247.02,66.499
-247.02,67.499
-247.02,68.499
-247.02,69.499
-247.02,70.499
-247.52,70.999
-248.02,71.499
-248.02,72.499
-248.02,73.499
-248.02,74.499
-248.02,75.499
-248.02,76.499
-248.02,77.499
-248.02,78.499
-248.02,79.499
-248.02,80.499
-247.52,80.999
-247.02,81.499
-247.02,82.499
-247.02,83.499
-247.02,84.499
-247.02,85.499
-247.02,86.499
-247.02,87.499
-247.02,88.499
-247.02,89.499
-247.02,90.499
-246.52,90.999
-246.02,91.499
-246.02,92.499
-246.02,93.499
-246.02,94.499
-246.02,95.499
-246.02,96.499
-245.52,96.999
-245.02,97.499
-245.02,98.499
-245.02,99.499
-245.02,100.5
-245.02,101.5
-245.02,102.5
-244.52,103
-244.02,103.5
-244.02,104.5
-244.02,105.5
-244.02,106.5
-243.52,107
-243.02,107.5
-243.02,108.5
-243.02,109.5
-243.02,110.5
-242.52,111
-242.02,111.5
-242.02,112.5
-242.02,113.5
-242.02,114.5
-241.52,115
-241.02,115.5
-241.02,116.5
-240.52,117
-240.02,117.5
-240.02,118.5
-240.02,119.5
-239.52,120
-239.02,120.5
-239.02,121.5
-238.52,122
-238.02,122.5
-237.52,123
-237.02,123.5
-237.02,124.5
-236.52,125
-236.02,125.5
-235.52,126
-235.02,126.5
-234.52,127
-234.02,127.5
-233.52,128
-232.52,128
-232.02,128.5
-231.52,129
-231.02,129.5
-230.52,130
-229.52,130
-228.52,130
-228.02,130.5
-227.52,131
-226.52,131
-225.52,131
-225.02,131.5
-224.52,132
-223.52,132
-222.52,132
-221.52,132
-220.52,132
-220.02,132.5
-219.52,133
-218.52,133
-217.52,133
-216.52,133
-215.52,133
-214.52,133
-213.52,133
-212.52,133
-211.52,133
-210.52,133
-210.02,132.5
-209.52,132
-208.52,132
-207.52,132
-206.52,132
-205.52,132
-204.52,132
-203.52,132
-202.52,132
-201.52,132
-201.02,131.5
-200.52,131
-199.52,131
-198.52,131
-197.52,131
-196.52,131
-195.52,131
-195.02,130.5
-194.52,130
-193.52,130
-192.52,130
-191.52,130
-190.52,130
-190.02,129.5
-189.52,129
-188.52,129
-187.52,129
-186.52,129
-185.52,129
-185.02,128.5
-184.52,128
-183.52,128
-182.52,128
-181.52,128
-180.52,128
-179.52,128
-178.52,128
-177.52,128
-176.52,128
-175.52,128
-175.02,127.5
-174.52,127
-173.52,127
-173.02,126.5
-172.52,126
-172.02,125.5
-171.52,125
-171.02,124.5
-171.02,123.5
-170.52,123
-170.02,122.5
-169.52,122
-169.02,121.5
-169.02,120.5
-168.52,120
-168.02,119.5
-168.02,118.5
-167.52,118
-167.02,117.5
-167.02,116.5
-167.02,115.5
-166.52,115
-166.02,114.5
-166.02,113.5
-166.02,112.5
-165.52,112
-165.02,111.5
-165.02,110.5
-165.02,109.5
-164.52,109
-164.02,108.5
-164.02,107.5
-164.02,106.5
-164.02,105.5
-163.52,105
-163.02,104.5
-163.02,103.5
-163.02,102.5
-163.02,101.5
-162.52,101
-162.02,100.5
-162.02,99.499
-162.02,98.499
-162.02,97.499
-162.52,96.999
-163.02,96.499
-163.52,95.999
-164.02,95.499
-164.52,94.999
-165.52,94.999
-166.02,95.499
-166.52,95.999
-167.02,96.499
-167.52,96.999
-168.02,97.499
-168.02,98.499
-168.52,98.999
-169.02,99.499
-169.52,99.999
-170.02,100.5
-170.02,101.5
-170.52,102
-171.02,102.5
-171.52,103
-172.02,103.5
-172.02,104.5
-172.52,105
-173.02,105.5
-173.02,106.5
-173.52,107
-174.02,107.5
-174.02,108.5
-174.02,109.5
-174.52,110
-175.02,110.5
-175.02,111.5
-175.52,112
-176.02,112.5
-176.02,113.5
-176.52,114
-177.52,114
-178.02,114.5
-178.52,115
-179.52,115
-180.02,115.5
-180.52,116
-181.52,116
-182.52,116
-183.52,116
-184.52,116
-185.02,116.5
-185.52,117
-186.52,117
-187.52,117
-188.52,117
-189.52,117
-190.52,117
-191.52,117
-192.52,117
-193.52,117
-194.02,117.5
-194.52,118
-195.52,118
-196.52,118
-197.52,118
-198.52,118
-199.52,118
-200.52,118
-201.52,118
-202.52,118
-203.52,118
-204.52,118
-205.52,118
-206.52,118
-207.52,118
-208.52,118
-209.52,118
-210.52,118
-211.02,117.5
-211.52,117
-212.52,117
-213.02,116.5
-213.52,116
-214.52,116
-215.52,116
-216.52,116
-217.02,116.5
-217.52,117
-218.52,117
-219.52,117
-220.52,117
-221.52,117
-222.02,116.5
-222.52,116
-223.52,116
-224.02,115.5
-224.52,115
-225.02,114.5
-225.52,114
-226.02,113.5
-226.52,113
-227.02,112.5
-227.02,111.5
-227.02,110.5
-227.52,110
-228.02,109.5
-228.02,108.5
-228.52,108
-229.02,107.5
-229.02,106.5
-229.02,105.5
-229.52,105
-230.02,104.5
-230.02,103.5
-230.02,102.5
-230.52,102
-231.02,101.5
-231.02,100.5
-231.02,99.499
-231.52,98.999
-232.02,98.499
-232.02,97.499
-232.02,96.499
-232.02,95.499
-231.52,94.999
-231.02,94.499
-231.02,93.499
-231.02,92.499
-231.02,91.499
-231.52,90.999
-232.02,90.499
-232.02,89.499
-232.52,88.999
-233.02,88.499
-233.02,87.499
-233.02,86.499
-233.52,85.999
-234.02,85.499
-234.02,84.499
-234.02,83.499
-234.02,82.499
-234.02,81.499
-233.52,80.999
-233.02,80.499
-233.02,79.499
-233.02,78.499
-233.02,77.499
-232.52,76.999
-232.02,76.499
-232.02,75.499
-232.02,74.499
-232.02,73.499
-231.52,72.999
-231.02,72.499
-231.02,71.499
-230.52,70.999
-230.02,70.499
-230.02,69.499
-229.52,68.999
-229.02,68.499
-228.52,67.999
-228.02,67.499
-227.52,66.999
-227.02,66.499
-226.52,65.999
-226.02,65.499
-226.02,64.499
-225.52,63.999
-225.02,63.499
-225.02,62.499
-225.02,61.499
-225.02,60.499
-225.02,59.499
-225.02,58.499
-224.52,57.999
-224.02,57.499
-224.02,56.499
-223.52,55.999
-223.02,55.499
-223.02,54.499
-222.52,53.999
-222.02,53.499
-222.02,52.499
-221.52,51.999
-221.02,51.499
-221.02,50.499
-220.52,49.999
-220.02,49.499
-219.52,48.999
-219.02,48.499
-219.02,47.499
-218.52,46.999
-218.02,46.499
-217.52,45.999
-217.02,45.499
-216.52,44.999
-216.02,44.499
-216.02,43.499
-215.52,42.999
-214.52,42.999
-214.02,42.499
-213.52,41.999
-213.02,41.499
-212.52,40.999
-212.02,40.499
-211.52,39.999
-210.52,39.999
-209.52,39.999
-209.02,39.499
-208.52,38.999
-207.52,38.999
-206.52,38.999
-206.02,38.499
-205.52,37.999
-204.52,37.999
-203.52,37.999
-202.52,37.999
-201.52,37.999
-200.52,37.999
-200.02,37.499
-199.52,36.999
-198.52,36.999
-197.52,36.999
-196.52,36.999
-195.52,36.999
-194.52,36.999
-193.52,36.999
-192.52,36.999
-191.52,36.999
-191.02,36.499
-190.52,35.999
-189.52,35.999
-188.52,35.999
-188.02,36.499
-187.52,36.999
-187.02,37.499
-186.52,37.999
-186.02,38.499
-185.52,38.999
-184.52,38.999
-184.02,38.499
-183.52,37.999
-182.52,37.999
-181.52,37.999
-180.52,37.999
-179.52,37.999
-178.52,37.999
-178.02,37.499
-177.52,36.999
-176.52,36.999
-176.02,36.499
-175.52,35.999
-175.02,35.499
-175.02,34.499
-174.52,33.999
-173.52,33.999
-172.52,33.999
-171.52,33.999
-170.52,33.999
-169.52,33.999
-168.52,33.999
-167.52,33.999
-166.52,33.999
-165.52,33.999
-165.02,33.499
-164.52,32.999
-163.52,32.999
-162.52,32.999
-161.52,32.999
-160.52,32.999
-159.52,32.999
-159.02,33.499
-158.52,33.999
-157.52,33.999
-156.52,33.999
-155.52,33.999
-154.52,33.999
-153.52,33.999
-152.52,33.999
-151.52,33.999
-150.52,33.999
-149.52,33.999
-148.52,33.999
-148.02,33.499
-147.52,32.999
-146.52,32.999
-145.52,32.999
-144.52,32.999
-144.02,32.499
-143.52,31.999
-142.52,31.999
-141.52,31.999
-140.52,31.999
-139.52,31.999
-138.52,31.999
-137.52,31.999
-136.52,31.999
-136.02,31.499
-135.52,30.999
-134.52,30.999
-133.52,30.999
-132.52,30.999
-132.02,30.499
-131.52,29.999
-130.52,29.999
-129.52,29.999
-128.52,29.999
-128.02,29.499
-127.52,28.999
-126.52,28.999
-125.52,28.999
-124.52,28.999
-124.02,28.499
-123.52,27.999
-122.52,27.999
-121.52,27.999
-120.52,27.999
-120.02,27.499
-119.52,26.999
-118.52,26.999
-117.52,26.999
-116.52,26.999
-116.02,26.499
-115.52,25.999
-114.52,25.999
-113.52,25.999
-112.52,25.999
-111.52,25.999
-110.52,25.999
-110.02,25.499
-109.52,24.999
-108.52,24.999
-108.02,25.499
-107.52,25.999
-106.52,25.999
-105.52,25.999
-104.52,25.999
-103.52,25.999
-102.52,25.999
-102.02,26.499
-101.52,26.999
-100.52,26.999
-99.525,26.999
-99.025,27.499
-98.525,27.999
-97.525,27.999
-96.525,27.999
-96.025,28.499
-95.525,28.999
-95.025,29.499
-94.525,29.999
-94.025,30.499
-93.525,30.999
-92.525,30.999
-92.025,31.499
-91.525,31.999
-91.025,32.499
-90.525,32.999
-90.025,33.499
-89.525,33.999
-88.525,33.999
-88.025,34.499
-87.525,34.999
-87.025,35.499
-87.025,36.499
-87.025,37.499
-87.025,38.499
-87.525,38.999
-88.025,39.499
-88.025,40.499
-88.025,41.499
-88.525,41.999
-89.025,42.499
-89.025,43.499
-89.525,43.999
-90.025,44.499
-90.025,45.499
-90.525,45.999
-91.025,46.499
-91.025,47.499
-91.525,47.999
-92.025,48.499
-92.525,48.999
-93.025,49.499
-93.025,50.499
-93.525,50.999
-94.025,51.499
-94.525,51.999
-95.025,52.499
-95.525,52.999
-96.025,53.499
-96.025,54.499
-96.525,54.999
-97.025,55.499
-97.525,55.999
-98.025,56.499
-98.525,56.999
-99.025,57.499
-99.525,57.999
-100.02,58.499
-100.52,58.999
-101.02,59.499
-101.52,59.999
-102.02,60.499
-102.02,61.499
-102.52,61.999
-103.02,62.499
-103.52,62.999
-104.02,63.499
-104.52,63.999
-105.02,64.499
-105.52,64.999
-106.02,65.499
-106.52,65.999
-107.02,66.499
-107.52,66.999
-108.02,67.499
-108.52,67.999
-109.02,68.499
-109.52,68.999
-110.02,69.499
-110.52,69.999
-111.02,70.499
-111.52,70.999
-112.02,71.499
-112.52,71.999
-113.02,72.499
-113.52,72.999
-114.02,73.499
-114.52,73.999
-115.02,74.499
-115.52,74.999
-116.02,75.499
-116.02,76.499
-116.52,76.999
-117.02,77.499
-117.52,77.999
-118.02,78.499
-118.52,78.999
-119.02,79.499
-119.52,79.999
-120.02,80.499
-120.52,80.999
-121.02,81.499
-121.52,81.999
-122.02,82.499
-122.52,82.999
-123.02,83.499
-123.52,83.999
-124.02,84.499
-124.52,84.999
-125.52,84.999
-126.52,84.999
-127.02,85.499
-127.52,85.999
-128.52,85.999
-129.02,86.499
-129.52,86.999
-130.02,87.499
-130.02,88.499
-130.52,88.999
-131.02,89.499
-131.02,90.499
-131.02,91.499
-131.52,91.999
-132.02,92.499
-132.52,92.999
-133.02,93.499
-133.52,93.999
-134.02,94.499
-134.52,94.999
-135.02,95.499
-135.52,95.999
-136.02,96.499
-136.52,96.999
-137.02,97.499
-137.52,97.999
-138.02,98.499
-138.52,98.999
-139.02,99.499
-139.52,99.999
-140.02,100.5
-140.52,101
-141.02,101.5
-141.52,102
-142.02,102.5
-142.02,103.5
-142.52,104
-143.02,104.5
-143.52,105
-144.02,105.5
-144.02,106.5
-144.52,107
-145.02,107.5
-145.52,108
-146.02,108.5
-146.02,109.5
-146.52,110
-147.02,110.5
-147.02,111.5
-147.52,112
-148.02,112.5
-148.02,113.5
-148.52,114
-149.02,114.5
-149.02,115.5
-149.52,116
-150.02,116.5
-150.52,117
-151.02,117.5
-151.02,118.5
-151.52,119
-152.02,119.5
-152.02,120.5
-152.52,121
-153.02,121.5
-153.02,122.5
-153.52,123
-154.02,123.5
-154.02,124.5
-154.52,125
-155.02,125.5
-155.02,126.5
-155.52,127
-156.02,127.5
-156.02,128.5
-156.52,129
-157.02,129.5
-157.52,130
-158.02,130.5
-158.02,131.5
-158.52,132
-159.02,132.5
-159.02,133.5
-159.52,134
-160.02,134.5
-160.52,135
-161.02,135.5
-161.02,136.5
-161.52,137
-162.02,137.5
-162.52,138
-163.02,138.5
-163.52,139
-164.02,139.5
-164.52,140
-165.02,140.5
-165.02,141.5
-165.52,142
-166.52,142
-167.02,142.5
-167.52,143
-168.52,143
-169.52,143
-170.02,143.5
-170.52,144
-171.02,144.5
-171.52,145
-172.02,145.5
-172.02,146.5
-172.52,147
-173.02,147.5
-173.02,148.5
-173.02,149.5
-173.02,150.5
-173.02,151.5
-173.02,152.5
-173.02,153.5
-173.52,154
-174.02,154.5
-174.02,155.5
-174.02,156.5
-174.52,157
-175.02,157.5
-175.02,158.5
-175.02,159.5
-175.52,160
-176.02,160.5
-176.02,161.5
-176.02,162.5
-176.02,163.5
-176.52,164
-177.02,164.5
-177.02,165.5
-177.02,166.5
-177.02,167.5
-177.52,168
-178.02,168.5
-178.02,169.5
-178.02,170.5
-178.02,171.5
-178.02,172.5
-178.02,173.5
-178.02,174.5
-178.52,175
-179.02,175.5
-179.02,176.5
-179.02,177.5
-179.02,178.5
-179.02,179.5
-179.02,180.5
-179.02,181.5
-179.02,182.5
-179.02,183.5
-179.02,184.5
-179.02,185.5
-179.02,186.5
-179.02,187.5
-179.02,188.5
-179.02,189.5
-179.02,190.5
-179.02,191.5
-179.02,192.5
-179.02,193.5
-178.52,194
-178.02,194.5
-178.02,195.5
-178.02,196.5
-177.52,197
-177.02,197.5
-177.02,198.5
-177.02,199.5
-176.52,200
-176.02,200.5
-176.02,201.5
-175.52,202
-175.02,202.5
-175.02,203.5
-174.52,204
-174.02,204.5
-174.02,205.5
-173.52,206
-173.02,206.5
-172.52,207
-172.02,207.5
-172.02,208.5
-171.52,209
-171.02,209.5
-170.52,210
-170.02,210.5
-169.52,211
-169.02,211.5
-168.52,212
-168.02,212.5
-167.52,213
-167.02,213.5
-166.52,214
-166.02,214.5
-165.52,215
-164.52,215
-163.52,215
-163.02,215.5
-162.52,216
-161.52,216
-161.02,216.5
-160.52,217
-159.52,217
-158.52,217
-158.02,217.5
-157.52,218
-156.52,218
-155.52,218
-154.52,218
-153.52,218
-153.02,218.5
-152.52,219
-151.52,219
-150.52,219
-149.52,219
-148.52,219
-147.52,219
-147.02,219.5
-146.52,220
-145.52,220
-144.52,220
-143.52,220
-142.52,220
-141.52,220
-140.52,220
-139.52,220
-138.52,220
-138.02,220.5
-137.52,221
-136.52,221
-135.52,221
-134.52,221
-133.52,221
-132.52,221
-131.52,221
-130.52,221
-129.52,221
-128.52,221
-128.02,220.5
-127.52,220
-126.52,220
-125.52,220
-124.52,220
-124.02,219.5
-123.52,219
-122.52,219
-122.02,218.5
-121.52,218
-120.52,218
-120.02,217.5
-119.52,217
-119.02,216.5
-118.52,216
-118.02,215.5
-117.52,215
-117.02,214.5
-117.02,213.5
-116.52,213
-116.02,212.5
-116.02,211.5
-116.02,210.5
-116.02,209.5
-116.52,209
-117.02,208.5
-117.52,208
-118.52,208
-119.52,208
-120.02,208.5
-120.52,209
-121.02,209.5
-121.52,210
-122.02,210.5
-122.52,211
-123.52,211
-124.52,211
-125.52,211
-126.02,211.5
-126.52,212
-127.52,212
-128.52,212
-129.52,212
-130.52,212
-131.52,212
-132.52,212
-133.52,212
-134.52,212
-135.52,212
-136.52,212
-137.52,212
-138.02,211.5
-138.52,211
-139.52,211
-140.52,211
-141.52,211
-142.52,211
-143.52,211
-144.52,211
-145.52,211
-146.52,211
-147.52,211
-148.02,210.5
-148.52,210
-149.52,210
-150.52,210
-151.52,210
-152.02,209.5
-152.52,209
-153.52,209
-154.52,209
-155.02,208.5
-155.02,207.5
-155.02,206.5
-155.52,206
-156.02,205.5
-156.52,205
-157.02,204.5
-157.52,204
-158.52,204
-159.02,203.5
-159.52,203
-160.52,203
-161.02,202.5
-161.52,202
-162.52,202
-163.02,201.5
-163.02,200.5
-163.02,199.5
-163.52,199
-164.02,198.5
-164.52,198
-165.52,198
-166.02,197.5
-166.02,196.5
-166.52,196
-167.02,195.5
-167.02,194.5
-167.02,193.5
-167.02,192.5
-167.52,192
-168.02,191.5
-168.02,190.5
-168.02,189.5
-168.02,188.5
-168.02,187.5
-168.02,186.5
-168.02,185.5
-168.02,184.5
-168.02,183.5
-168.02,182.5
-168.02,181.5
-167.52,181
-167.02,180.5
-166.52,180
-166.02,179.5
-166.02,178.5
-166.02,177.5
-166.02,176.5
-165.52,176
-165.02,175.5
-165.02,174.5
-164.52,174
-164.02,173.5
-164.02,172.5
-164.02,171.5
-164.02,170.5
-164.02,169.5
-164.02,168.5
-163.52,168
-163.02,167.5
-163.02,166.5
-162.52,166
-162.02,165.5
-162.02,164.5
-161.52,164
-161.02,163.5
-160.52,163
-160.02,162.5
-160.02,161.5
-159.52,161
-159.02,160.5
-159.02,159.5
-158.52,159
-158.02,158.5
-157.52,158
-157.02,157.5
-157.02,156.5
-156.52,156
-156.02,155.5
-155.52,155
-155.02,154.5
-155.02,153.5
-154.52,153
-154.02,152.5
-153.52,152
-153.02,151.5
-153.02,150.5
-152.52,150
-152.02,149.5
-151.52,149
-151.02,148.5
-150.52,148
-150.02,147.5
-150.02,146.5
-149.52,146
-149.02,145.5
-148.52,145
-148.02,144.5
-147.52,144
-146.52,144
-146.02,143.5
-145.52,143
-144.52,143
-144.02,142.5
-143.52,142
-143.02,141.5
-142.52,141
-142.02,140.5
-141.52,140
-141.02,139.5
-141.02,138.5
-140.52,138
-140.02,137.5
-140.02,136.5
-140.02,135.5
-139.52,135
-138.52,135
-138.02,134.5
-137.52,134
-137.02,133.5
-136.52,133
-136.02,132.5
-135.52,132
-135.02,131.5
-134.52,131
-134.02,130.5
-133.52,130
-133.02,129.5
-132.52,129
-132.02,128.5
-131.52,128
-131.02,127.5
-130.52,127
-130.02,126.5
-129.52,126
-129.02,125.5
-128.52,125
-127.52,125
-127.02,124.5
-126.52,124
-126.02,123.5
-125.52,123
-124.52,123
-123.52,123
-122.52,123
-122.02,122.5
-121.52,122
-120.52,122
-120.02,121.5
-119.52,121
-119.02,120.5
-118.52,120
-118.02,119.5
-117.52,119
-117.02,118.5
-117.02,117.5
-117.02,116.5
-117.02,115.5
-116.52,115
-116.02,114.5
-115.52,114
-114.52,114
-114.02,113.5
-113.52,113
-113.02,112.5
-112.52,112
-112.02,111.5
-111.52,111
-111.02,110.5
-110.52,110
-110.02,109.5
-109.52,109
-108.52,109
-108.02,108.5
-107.52,108
-107.02,107.5
-106.52,107
-106.02,106.5
-105.52,106
-105.02,105.5
-104.52,105
-103.52,105
-103.02,104.5
-102.52,104
-102.02,103.5
-101.52,103
-101.02,102.5
-100.52,102
-99.525,102
-99.025,101.5
-98.525,101
-98.025,100.5
-97.525,99.999
-96.525,99.999
-96.025,99.499
-95.525,98.999
-95.025,98.499
-94.525,97.999
-93.525,97.999
-93.025,97.499
-92.525,96.999
-91.525,96.999
-91.025,96.499
-90.525,95.999
-89.525,95.999
-89.025,95.499
-88.525,94.999
-88.025,94.499
-87.525,93.999
-86.525,93.999
-85.525,93.999
-85.025,93.499
-84.525,92.999
-83.525,92.999
-83.025,92.499
-82.525,91.999
-81.525,91.999
-81.025,91.499
-80.525,90.999
-79.525,90.999
-79.025,90.499
-78.525,89.999
-77.525,89.999
-76.525,89.999
-76.025,89.499
-75.525,88.999
-74.525,88.999
-73.525,88.999
-73.025,88.499
-72.525,87.999
-71.525,87.999
-71.025,87.499
-70.525,86.999
-69.525,86.999
-69.025,86.499
-68.525,85.999
-68.025,85.499
-67.525,84.999
-66.525,84.999
-66.025,84.499
-65.525,83.999
-65.025,84.499
-65.025,85.499
-65.525,85.999
-66.025,86.499
-66.025,87.499
-66.025,88.499
-66.525,88.999
-67.025,89.499
-67.025,90.499
-67.025,91.499
-67.525,91.999
-68.025,92.499
-68.025,93.499
-68.025,94.499
-68.525,94.999
-69.025,95.499
-69.025,96.499
-69.025,97.499
-69.525,97.999
-70.025,98.499
-70.025,99.499
-70.025,100.5
-70.025,101.5
-70.525,102
-71.025,102.5
-71.025,103.5
-71.025,104.5
-71.525,105
-72.025,105.5
-72.025,106.5
-72.025,107.5
-72.025,108.5
-72.525,109
-73.025,109.5
-73.025,110.5
-73.025,111.5
-73.525,112
-74.025,112.5
-74.025,113.5
-74.025,114.5
-74.025,115.5
-74.525,116
-75.025,116.5
-75.025,117.5
-75.025,118.5
-75.025,119.5
-75.525,120
-76.025,120.5
-76.025,121.5
-76.025,122.5
-76.025,123.5
-76.525,124
-77.025,124.5
-77.025,125.5
-77.025,126.5
-77.025,127.5
-77.525,128
-78.025,128.5
-78.025,129.5
-78.025,130.5
-78.025,131.5
-78.025,132.5
-78.525,133
-79.025,133.5
-79.025,134.5
-79.025,135.5
-79.025,136.5
-79.025,137.5
-79.025,138.5
-79.525,139
-80.025,139.5
-80.025,140.5
-80.025,141.5
-80.025,142.5
-80.025,143.5
-80.025,144.5
-80.025,145.5
-80.525,146
-81.025,146.5
-81.025,147.5
-81.025,148.5
-81.025,149.5
-81.025,150.5
-81.025,151.5
-81.025,152.5
-81.025,153.5
-81.025,154.5
-81.025,155.5
-81.025,156.5
-81.025,157.5
-81.025,158.5
-81.025,159.5
-81.025,160.5
-81.025,161.5
-81.025,162.5
-81.025,163.5
-81.025,164.5
-81.025,165.5
-80.525,166
-80.025,166.5
-80.025,167.5
-80.025,168.5
-80.025,169.5
-80.025,170.5
-80.025,171.5
-80.025,172.5
-79.525,173
-79.025,173.5
-79.025,174.5
-79.025,175.5
-79.025,176.5
-78.525,177
-78.025,177.5
-78.025,178.5
-78.025,179.5
-78.025,180.5
-77.525,181
-77.025,181.5
-77.025,182.5
-77.025,183.5
-77.025,184.5
-76.525,185
-76.025,185.5
-76.025,186.5
-76.025,187.5
-75.525,188
-75.025,188.5
-75.025,189.5
-75.025,190.5
-74.525,191
-74.025,191.5
-74.025,192.5
-73.525,193
-73.025,193.5
-73.025,194.5
-73.025,195.5
-72.525,196
-72.025,196.5
-72.025,197.5
-71.525,198
-71.025,198.5
-71.025,199.5
-70.525,200
-70.025,200.5
-70.025,201.5
-69.525,202
-69.025,202.5
-69.025,203.5
-68.525,204
-68.025,204.5
-68.025,205.5
-67.525,206
-67.025,206.5
-67.025,207.5
-66.525,208
-66.025,208.5
-66.025,209.5
-65.525,210
-65.025,210.5
-64.525,211
-64.025,211.5
-64.025,212.5
-63.525,213
-63.025,213.5
-62.525,214
-62.025,214.5
-62.025,215.5
-61.525,216
-61.025,216.5
-60.525,217
-60.025,217.5
-59.525,218
-59.025,218.5
-59.025,219.5
-58.525,220
-58.025,220.5
-57.525,221
-57.025,221.5
-56.525,222
-56.025,222.5
-55.525,223
-55.025,223.5
-54.525,224
-54.025,224.5
-54.025,225.5
-53.525,226
-53.025,226.5
-52.525,227
-52.025,227.5
-51.525,228
-51.025,228.5
-50.525,229
-50.025,229.5
-49.525,230
-48.525,230
-48.025,230.5
-47.525,231
-47.025,231.5
-46.525,232
-46.025,232.5
-45.525,233
-45.025,233.5
-44.525,234
-44.025,234.5
-43.525,235
-42.525,235
-42.025,235.5
-41.525,236
-41.025,236.5
-40.525,237
-40.025,237.5
-39.525,238
-38.525,238
-38.025,238.5
-37.525,239
-36.525,239
-36.025,239.5
-35.525,240
-35.025,240.5
-34.525,241
-33.525,241
-33.025,241.5
-32.525,242
-31.525,242
-31.025,242.5
-30.525,243
-29.525,243
-29.025,243.5
-28.525,244
-27.525,244
-27.025,244.5
-26.525,245
-25.525,245
-25.025,245.5
-24.525,246
-23.525,246
-22.525,246
-22.025,246.5
-21.525,247
-20.525,247
-19.525,247
-19.025,247.5
-18.525,248
-17.525,248
-16.525,248
-16.025,248.5
-15.525,249
-14.525,249
-13.525,249
-12.525,249
-12.025,249.5
-11.525,250
-10.525,250
-9.5249,250
-8.5249,250
-7.5249,250
-6.5249,250
-6.0249,250.5
